sample,tool,mode,variant,utf8_bytes,characters,o200k_base,cl100k_base,mcp_text_block_tokens,request_tokens,projected_terse_tokens,pointer_fallback,rows
1,search_commands,executed-local,top10,5923,5923,1372,1369,1470,9,866,False,
2,browse_commands,executed-local,default10,5254,5254,1162,1152,1231,5,858,False,
3,api_catalog,executed-local,search,1100,1100,239,239,258,9,239,False,
4,search_commands,executed-local,top10,4940,4940,1145,1124,1230,8,599,False,
5,browse_commands,executed-local,default10,5254,5254,1162,1152,1231,5,858,False,
6,api_catalog,executed-local,search,1064,1064,231,231,250,8,231,False,
7,search_commands,executed-local,top10,5925,5925,1400,1390,1493,7,766,False,
8,browse_commands,executed-local,default10,3148,3148,673,665,717,5,386,False,
9,api_catalog,executed-local,search,1241,1241,271,271,290,7,271,False,
10,search_commands,executed-local,top10,5685,5685,1332,1323,1418,8,743,False,
11,browse_commands,executed-local,default10,5350,5350,1178,1171,1245,5,868,False,
12,api_catalog,executed-local,search,1313,1313,275,274,294,8,275,False,
13,search_commands,executed-local,top10,5910,5908,1344,1349,1440,10,833,False,
14,browse_commands,executed-local,default10,4341,4339,974,970,1029,5,603,False,
15,api_catalog,executed-local,search,68,68,26,26,36,10,26,False,
16,search_commands,executed-local,top10,6013,6013,1391,1384,1487,9,844,False,
17,browse_commands,executed-local,default10,1784,1784,370,365,399,5,139,False,
18,api_catalog,executed-local,search,803,803,183,182,199,9,183,False,
19,search_commands,executed-local,top10,2850,2850,644,637,692,7,251,False,
20,browse_commands,executed-local,default10,1563,1563,317,311,344,5,99,False,
21,api_catalog,executed-local,search,68,68,26,26,36,7,26,False,
22,search_commands,executed-local,top10,5997,5997,1374,1368,1473,8,849,False,
23,browse_commands,executed-local,default10,2135,2135,461,445,491,5,200,False,
24,api_catalog,executed-local,search,1190,1190,265,264,284,8,265,False,
25,search_commands,executed-local,top10,6006,6006,1418,1407,1510,8,850,False,
26,browse_commands,executed-local,default10,5062,5062,1177,1169,1242,5,762,False,
27,api_catalog,executed-local,search,644,644,144,142,158,8,144,False,
28,search_commands,executed-local,top10,5598,5598,1315,1300,1402,7,776,False,
29,browse_commands,executed-local,default10,3167,3167,702,692,744,5,380,False,
30,api_catalog,executed-local,search,867,867,195,194,214,7,195,False,
31,search_commands,executed-local,top10,6315,6315,1456,1444,1555,7,893,False,
32,browse_commands,executed-local,default10,5135,5135,1165,1149,1236,5,859,False,
33,api_catalog,executed-local,search,1123,1123,251,249,270,7,251,False,
34,search_commands,executed-local,top10,5851,5851,1343,1333,1439,8,826,False,
35,browse_commands,executed-local,default10,5254,5254,1162,1152,1231,5,858,False,
36,api_catalog,executed-local,search,1131,1131,248,248,267,8,248,False,
37,search_commands,executed-local,top10,5575,5575,1344,1336,1438,7,800,False,
38,browse_commands,executed-local,default10,3355,3355,743,734,790,6,459,False,
39,api_catalog,executed-local,search,266,266,75,74,86,7,75,False,
40,search_commands,executed-local,top10,5549,5549,1327,1311,1419,8,733,False,
41,browse_commands,executed-local,default10,1563,1563,310,305,337,6,93,False,
42,api_catalog,executed-local,search,68,68,26,26,36,8,26,False,
43,search_commands,executed-local,top10,6052,6052,1389,1380,1485,6,874,False,
44,browse_commands,executed-local,default10,5494,5494,1213,1200,1282,5,872,False,
45,api_catalog,executed-local,search,1177,1177,253,253,272,6,253,False,
46,search_commands,executed-local,top10,5566,5566,1397,1382,1479,7,666,False,
47,browse_commands,executed-local,default10,4931,4931,1134,1135,1199,5,650,False,
48,api_catalog,executed-local,search,1120,1120,262,265,281,7,262,False,
49,search_commands,executed-local,top10,5263,5263,1227,1211,1313,7,592,False,
50,browse_commands,executed-local,default10,4472,4470,967,960,1025,5,561,False,
51,api_catalog,executed-local,search,1187,1187,252,251,271,7,252,False,
52,search_commands,executed-local,top10,6026,6026,1359,1355,1456,6,843,False,
53,browse_commands,executed-local,default10,5249,5249,1136,1123,1207,5,841,False,
54,api_catalog,executed-local,search,1137,1137,243,243,262,6,243,False,
55,search_commands,executed-local,top10,5834,5834,1365,1367,1463,7,892,False,
56,browse_commands,executed-local,default10,4776,4776,1101,1082,1166,5,686,False,
57,api_catalog,executed-local,search,727,727,171,170,186,7,171,False,
58,search_commands,executed-local,top10,6242,6242,1466,1466,1568,7,969,False,
59,browse_commands,executed-local,default10,5499,5499,1178,1165,1249,5,869,False,
60,api_catalog,executed-local,search,534,534,130,129,143,7,130,False,
61,browse_commands,executed-local,all;limit=1,1335,1335,269,265,295,,89,False,
62,browse_commands,executed-local,all;limit=10,5221,5221,1121,1108,1192,,831,False,
63,browse_commands,executed-local,all;limit=100,43173,43173,9793,9738,10308,,8348,False,
64,browse_commands,executed-local,rest;limit=1,1293,1293,269,264,295,,61,False,
65,browse_commands,executed-local,rest;limit=10,4543,4543,1048,1029,1112,,576,False,
66,browse_commands,executed-local,rest;limit=100,37203,37203,8975,8851,9435,,5704,False,
67,browse_commands,executed-local,native;limit=1,1335,1335,269,265,295,,89,False,
68,browse_commands,executed-local,native;limit=10,5221,5221,1121,1108,1192,,831,False,
69,browse_commands,executed-local,native;limit=100,43173,43173,9793,9738,10308,,8348,False,
70,browse_commands,executed-local,tool;limit=1,1216,1216,246,242,270,,54,False,
71,browse_commands,executed-local,tool;limit=10,4077,4077,877,863,931,,438,False,
72,browse_commands,executed-local,tool;limit=100,12246,12244,2667,2631,2797,,1480,False,
73,api_catalog,executed-local,schema,3009,3009,740,733,801,,674,False,
74,api_catalog,executed-local,schema,2544,2544,639,634,692,,574,False,
75,api_catalog,executed-local,schema,2566,2566,628,623,676,,566,False,
76,api_catalog,executed-local,schema,939,939,272,269,294,,210,False,
77,api_catalog,executed-local,schema,1327,1327,384,380,408,,317,False,
78,api_catalog,executed-local,schema,921,921,267,263,290,,207,False,
79,api_catalog,executed-local,schema,2218,2218,571,564,619,,502,False,
80,native_catalog,executed-local,search,397,397,135,134,143,,79,True,
81,native_catalog,executed-local,search,3977,3977,975,979,1041,,912,False,11
82,native_catalog,executed-local,search,1448,1448,430,425,459,,367,False,1
83,native_catalog,executed-local,search,1287,1287,410,409,445,,350,False,2
84,native_catalog,executed-local,search,1063,1063,327,326,347,,261,False,1
85,native_catalog,executed-local,search,395,395,139,138,147,,81,True,
86,native_catalog,executed-local,search,288,288,124,125,133,,57,False,0
87,element_tree,cached-production-formatter,assembly;default20,679,679,177,177,190,,154,True,
88,document_tree,cached-production-formatter,document;default20,2336,2336,859,852,885,,304,False,4
89,artifact_page,cached-production-formatter,root-default20,424,424,108,103,128,,108,False,
90,element_tree,cached-production-formatter,partstudio;default20,4352,4352,1452,1461,1534,,930,False,15
91,native_write,cached-production-formatter,native-response,538,538,172,172,183,,112,False,
92,artifact_page,cached-production-formatter,root-default20,288,288,75,76,86,,75,False,
93,native_write,cached-production-formatter,native-response,6332,6332,2140,2111,2205,,2078,False,
94,artifact_page,cached-production-formatter,root-default20,6081,6081,2040,2012,2105,,2040,False,
95,artifact_page,cached-production-formatter,root-default20,2405,2405,553,551,582,,553,False,
96,native_state,cached-production-formatter,native-tree,458,458,160,158,171,,98,True,
97,artifact_page,cached-production-formatter,root-default20,206,206,50,49,61,,50,True,
98,api_read,cached-production-formatter,mass/topology,3085,3085,1391,1381,1431,,1329,False,
99,artifact_page,cached-production-formatter,root-default20,2834,2834,1291,1282,1331,,1291,False,
100,document_tree,cached-production-formatter,document;default20,4057,4057,1482,1453,1530,,521,False,8
101,api_read,cached-production-formatter,assembly-definition,451,451,155,153,166,,95,True,
102,artifact_page,cached-production-formatter,root-default20,199,199,49,48,60,,49,True,
103,artifact_page,cached-production-formatter,root-default20,290,290,110,107,122,,110,False,
104,element_tree,cached-production-formatter,partstudio;default20,4017,4017,1336,1341,1413,,872,False,14
105,document_tree,cached-production-formatter,document;default20,451,451,134,134,145,,111,True,
106,api_read,cached-production-formatter,assembly-definition,451,451,147,145,158,,91,True,
107,artifact_page,cached-production-formatter,root-default20,199,199,49,48,60,,49,True,
108,api_write,cached-production-formatter,feature-response,529,529,173,171,184,,112,True,
109,artifact_page,cached-production-formatter,root-default20,278,278,65,64,76,,65,True,
110,display_state,cached-production-formatter,default20,6838,6826,1924,1929,2004,,1064,False,10
111,artifact_page,cached-production-formatter,root-default20,462,462,117,114,137,,117,False,
112,artifact_page,cached-production-formatter,root-default20,168,168,44,43,55,,44,True,
113,api_read,cached-production-formatter,features,3602,3602,1096,1094,1152,,1027,False,
114,artifact_page,cached-production-formatter,root-default20,3351,3351,982,983,1038,,982,False,
115,evaluate,cached-production-formatter,evaluation,402,402,163,161,176,,97,False,
116,artifact_page,cached-production-formatter,root-default20,152,152,54,53,67,,54,False,
117,api_read,cached-production-formatter,mass/topology,439,439,151,147,162,,93,True,
118,artifact_page,cached-production-formatter,root-default20,186,186,49,48,60,,49,True,
119,evaluate,cached-production-formatter,evaluation,507,507,201,197,217,,139,False,
120,artifact_page,cached-production-formatter,root-default20,257,257,100,99,116,,100,False,
121,feature_template,cached-production-formatter,template,457,457,153,151,164,,94,True,
122,artifact_page,cached-production-formatter,root-default20,205,205,49,48,60,,49,True,
123,artifact_page,cached-production-formatter,root-default20,4732,4732,1375,1373,1522,,1375,False,
124,api_write,cached-production-formatter,feature-response,3755,3755,1070,1076,1129,,1012,False,
125,artifact_page,cached-production-formatter,root-default20,3504,3504,978,985,1037,,978,False,
126,artifact_page,cached-production-formatter,root-default20,2365,2365,536,508,595,,536,False,
127,element_tree,cached-production-formatter,assembly;default20,679,679,179,179,192,,156,True,
128,api_read,cached-production-formatter,assembly-definition,451,451,159,155,170,,97,True,
129,artifact_page,cached-production-formatter,root-default20,199,199,49,48,60,,49,True,
130,api_read,cached-production-formatter,mass/topology,5785,5785,2692,2674,2762,,2623,False,
131,artifact_page,cached-production-formatter,root-default20,5534,5534,2578,2561,2648,,2578,False,
132,api_read,cached-production-formatter,assembly-definition,451,451,149,147,160,,92,True,
133,artifact_page,cached-production-formatter,root-default20,199,199,49,48,60,,49,True,
134,api_read,cached-production-formatter,mass/topology,1734,1734,752,744,775,,688,False,
135,artifact_page,cached-production-formatter,root-default20,1483,1483,648,641,671,,648,False,
136,api_read,cached-production-formatter,assembly-definition,451,451,155,153,166,,95,True,
137,artifact_page,cached-production-formatter,root-default20,199,199,49,48,60,,49,True,
138,api_read,cached-production-formatter,assembly-definition,451,451,159,155,170,,97,True,
139,artifact_page,cached-production-formatter,root-default20,199,199,49,48,60,,49,True,
140,api_read,cached-production-formatter,mass/topology,440,440,150,150,161,,93,True,
141,artifact_page,cached-production-formatter,root-default20,186,186,49,48,60,,49,True,
142,element_tree,cached-production-formatter,assembly;default20,678,678,178,178,191,,155,True,
143,artifact_page,cached-production-formatter,root-default20,148,148,38,37,49,,38,True,
144,evaluate,cached-production-formatter,evaluation,2488,2488,923,900,1029,,862,False,
145,artifact_page,cached-production-formatter,root-default20,2237,2237,825,803,931,,825,False,
146,api_read,cached-production-formatter,assembly-definition,451,451,153,151,164,,94,True,
147,artifact_page,cached-production-formatter,root-default20,199,199,49,48,60,,49,True,
148,api_write,cached-production-formatter,feature-response,529,529,179,177,190,,115,True,
149,artifact_page,cached-production-formatter,root-default20,278,278,65,64,76,,65,True,
150,element_tree,cached-production-formatter,assembly;default20,679,679,180,180,193,,157,True,
151,api_read,cached-production-formatter,assembly-definition,451,451,163,159,174,,99,True,
152,artifact_page,cached-production-formatter,root-default20,199,199,49,48,60,,49,True,
153,api_read,cached-production-formatter,assembly-definition,451,451,161,159,172,,98,True,
154,artifact_page,cached-production-formatter,root-default20,199,199,49,48,60,,49,True,
155,document_tree,cached-production-formatter,document;default20,451,451,138,138,149,,115,True,
156,display_state,cached-production-formatter,default20,6783,6771,1916,1922,1996,,1073,False,10
157,set_visibility,cached-response-reconstruction,verified-batch,812,808,281,278,296,,124,False,
158,api_write,cached-production-formatter,feature-response,530,530,171,171,182,,111,True,
159,artifact_page,cached-production-formatter,root-default20,278,278,65,64,76,,65,True,
160,artifact_page,cached-production-formatter,root-default20,290,290,110,107,122,,110,False,
161,document_tree,cached-production-formatter,document;default20,451,451,136,137,147,,113,True,
162,artifact_page,cached-production-formatter,root-default20,7031,7031,2283,2245,2603,,2283,False,
163,element_tree,cached-production-formatter,assembly;default20,679,679,179,179,192,,156,True,
164,api_read,cached-production-formatter,assembly-definition,451,451,143,141,154,,89,True,
165,artifact_page,cached-production-formatter,root-default20,199,199,49,48,60,,49,True,
166,api_read,cached-production-formatter,features,592,592,183,181,194,,123,True,
167,artifact_page,cached-production-formatter,root-default20,338,338,76,75,87,,76,True,
168,api_read,cached-production-formatter,assembly-definition,451,451,155,153,166,,95,True,
169,artifact_page,cached-production-formatter,root-default20,199,199,49,48,60,,49,True,
170,element_tree,cached-production-formatter,assembly;default20,679,679,175,175,188,,152,True,
171,evaluate,cached-production-formatter,evaluation,407,407,161,161,174,,97,False,
172,artifact_page,cached-production-formatter,root-default20,157,157,56,55,69,,56,False,
173,api_write,cached-production-formatter,feature-response,1281,1281,423,428,446,,362,False,
174,artifact_page,cached-production-formatter,root-default20,1031,1031,324,330,347,,324,False,
175,document_tree,cached-production-formatter,document;default20,6937,6937,2538,2505,2609,,849,False,13
176,api_write,cached-production-formatter,feature-response,530,530,165,163,176,,108,True,
177,artifact_page,cached-production-formatter,root-default20,278,278,65,64,76,,65,True,
178,api_read,cached-production-formatter,features,591,591,182,180,193,,122,True,
179,artifact_page,cached-production-formatter,root-default20,338,338,76,75,87,,76,True,
180,api_read,cached-production-formatter,features,546,546,176,172,187,,115,True,
181,artifact_page,cached-production-formatter,root-default20,293,293,68,67,79,,68,True,
182,document_tree,cached-production-formatter,document;default20,451,451,132,133,143,,109,True,
183,element_tree,cached-production-formatter,assembly;default20,679,679,181,181,194,,158,True,
184,api_write,cached-production-formatter,feature-response,7281,7281,2193,2194,2291,,2128,False,
185,artifact_page,cached-production-formatter,root-default20,7030,7030,2087,2091,2185,,2087,False,
186,evaluate,cached-production-formatter,evaluation,1560,1560,683,679,768,,619,False,
187,artifact_page,cached-production-formatter,root-default20,1309,1309,579,576,664,,579,False,
188,api_read,cached-production-formatter,assembly-definition,451,451,151,149,162,,93,True,
189,artifact_page,cached-production-formatter,root-default20,199,199,49,48,60,,49,True,
190,native_schema,cached-production-formatter,message-defaults,468,468,167,164,178,,102,False,
191,artifact_page,cached-production-formatter,root-default20,218,218,60,58,71,,60,False,
192,api_read,cached-production-formatter,assembly-definition,451,451,157,155,168,,96,True,
193,artifact_page,cached-production-formatter,root-default20,199,199,49,48,60,,49,True,
194,document_tree,cached-production-formatter,document;default20,451,451,135,135,146,,112,True,
195,api_read,cached-production-formatter,features,544,544,184,182,195,,119,True,
196,artifact_page,cached-production-formatter,root-default20,293,293,68,67,79,,68,True,
197,artifact_page,cached-production-formatter,root-default20,810,810,202,198,229,,202,False,
198,api_read,cached-production-formatter,mass/topology,439,439,165,163,176,,100,True,
199,artifact_page,cached-production-formatter,root-default20,186,186,49,48,60,,49,True,
200,api_read,cached-production-formatter,features,591,591,194,192,205,,128,True,
201,artifact_page,cached-production-formatter,root-default20,338,338,76,75,87,,76,True,
202,api_read,cached-production-formatter,assembly-definition,451,451,153,151,164,,94,True,
203,artifact_page,cached-production-formatter,root-default20,199,199,49,48,60,,49,True,
204,document_tree,cached-production-formatter,document;default20,451,451,134,134,145,,111,True,
205,element_tree,cached-production-formatter,partstudio;default20,454,454,132,132,143,,109,True,
206,api_read,cached-production-formatter,features,592,592,175,173,186,,119,True,
207,artifact_page,cached-production-formatter,root-default20,338,338,76,75,87,,76,True,
208,artifact_page,cached-production-formatter,root-default20,1343,1343,341,315,369,,341,False,
209,document_tree,cached-production-formatter,document;default20,7268,7268,2677,2644,2754,,917,False,14
210,api_read,cached-production-formatter,features,592,592,183,181,194,,123,True,
211,artifact_page,cached-production-formatter,root-default20,338,338,76,75,87,,76,True,
212,artifact_page,cached-production-formatter,root-default20,452,452,160,155,178,,160,False,
213,api_write,cached-production-formatter,feature-response,3907,3907,1178,1191,1237,,1115,False,
214,artifact_page,cached-production-formatter,root-default20,3656,3656,1076,1090,1135,,1076,False,
215,api_write,cached-production-formatter,feature-response,4585,4583,1318,1311,1381,,1259,False,
216,artifact_page,cached-production-formatter,root-default20,4334,4332,1224,1220,1287,,1224,False,
217,artifact_page,cached-production-formatter,root-default20,336,336,105,104,120,,105,False,
218,native_write,cached-production-formatter,native-response,6203,6203,2102,2075,2163,,2036,False,
219,artifact_page,cached-production-formatter,root-default20,5952,5952,1994,1968,2055,,1994,False,
220,api_write,cached-production-formatter,feature-response,529,529,165,163,176,,108,True,
221,artifact_page,cached-production-formatter,root-default20,278,278,65,64,76,,65,True,
222,native_write,cached-production-formatter,native-response,5815,5815,1956,1930,2013,,1892,False,
223,artifact_page,cached-production-formatter,root-default20,5564,5564,1852,1827,1909,,1852,False,
224,element_tree,cached-production-formatter,partstudio;default20,4012,4012,1355,1363,1432,,885,False,14
225,artifact_page,cached-production-formatter,root-default20,452,452,161,156,179,,161,False,
226,element_tree,cached-production-formatter,assembly;default20,679,679,170,170,183,,147,True,
227,document_tree,cached-production-formatter,document;default20,7268,7268,2681,2648,2758,,921,False,14
228,api_read,cached-production-formatter,assembly-definition,451,451,161,159,172,,98,True,
229,artifact_page,cached-production-formatter,root-default20,199,199,49,48,60,,49,True,
230,document_tree,cached-production-formatter,document;default20,451,451,137,136,148,,114,True,
231,api_read,cached-production-formatter,mass/topology,1783,1783,799,788,824,,736,False,
232,artifact_page,cached-production-formatter,root-default20,1532,1532,697,687,722,,697,False,
233,artifact_page,cached-production-formatter,root-default20,227,227,73,72,82,,73,False,
234,artifact_page,cached-production-formatter,root-default20,227,227,75,74,84,,75,False,
235,element_tree,cached-production-formatter,partstudio;default20,3977,3977,1319,1325,1396,,866,False,14
236,feature,recorded-response,batch,370,370,122,122,134,,122,False,
237,artifact_page,cached-production-formatter,root-default20,408,408,134,133,146,,134,False,
238,artifact_page,cached-production-formatter,root-default20,645,645,168,157,193,,168,False,
239,evaluate,cached-production-formatter,evaluation,471,471,196,194,211,,133,False,
240,artifact_page,cached-production-formatter,root-default20,221,221,93,92,108,,93,False,
241,display_state,cached-production-formatter,default20,6641,6619,1789,1795,1867,,931,False,10
242,evaluate,cached-production-formatter,evaluation,1679,1679,620,615,679,,560,False,
243,artifact_page,cached-production-formatter,root-default20,1428,1428,524,522,583,,524,False,
244,artifact_page,cached-production-formatter,root-default20,168,168,44,43,55,,44,True,
245,api_read,cached-production-formatter,mass/topology,1562,1562,707,701,732,,645,False,
246,artifact_page,cached-production-formatter,root-default20,1311,1311,607,604,632,,607,False,
247,api_write,cached-production-formatter,feature-response,3380,3380,1163,1177,1211,,1102,False,
248,artifact_page,cached-production-formatter,root-default20,3129,3129,1065,1080,1113,,1065,False,
249,artifact_page,cached-production-formatter,root-default20,521,521,147,144,156,,147,False,
250,element_tree,cached-production-formatter,partstudio;default20,3647,3647,1212,1217,1284,,818,False,13
251,evaluate,cached-production-formatter,evaluation,1594,1594,634,621,716,,564,False,
252,artifact_page,cached-production-formatter,root-default20,1343,1343,518,506,600,,518,False,
253,api_write,cached-production-formatter,feature-response,530,530,171,169,182,,111,True,
254,artifact_page,cached-production-formatter,root-default20,278,278,65,64,76,,65,True,
255,artifact_page,cached-production-formatter,root-default20,452,452,160,155,178,,160,False,
256,evaluate,cached-production-formatter,evaluation,425,425,159,160,172,,100,False,
257,artifact_page,cached-production-formatter,root-default20,175,175,64,64,77,,64,False,
258,api_read,cached-production-formatter,assembly-definition,451,451,151,149,162,,93,True,
259,artifact_page,cached-production-formatter,root-default20,199,199,49,48,60,,49,True,
260,artifact_page,cached-production-formatter,root-default20,290,290,110,107,122,,110,False,
261,artifact_page,cached-production-formatter,root-default20,551,551,193,192,202,,193,False,
262,artifact_page,cached-production-formatter,root-default20,1803,1803,609,596,634,,609,False,
263,api_read,cached-production-formatter,features,546,546,176,172,187,,115,True,
264,artifact_page,cached-production-formatter,root-default20,293,293,68,67,79,,68,True,
265,document_tree,cached-production-formatter,document;default20,451,451,132,131,143,,109,True,
266,artifact_page,cached-production-formatter,root-default20,2857,2857,693,688,761,,693,False,
267,native_state,cached-production-formatter,native-tree,3951,3951,1161,1143,1215,,1097,False,
268,artifact_page,cached-production-formatter,root-default20,3700,3700,1057,1040,1111,,1057,False,
269,native_write,cached-production-formatter,native-response,5031,5031,1694,1672,1744,,1632,False,
270,artifact_page,cached-production-formatter,root-default20,4780,4780,1594,1573,1644,,1594,False,
271,api_read,cached-production-formatter,features,590,590,180,180,191,,121,True,
272,artifact_page,cached-production-formatter,root-default20,338,338,76,75,87,,76,True,
273,api_read,cached-production-formatter,features,592,592,183,181,194,,123,True,
274,artifact_page,cached-production-formatter,root-default20,338,338,76,75,87,,76,True,
275,document_tree,cached-production-formatter,document;default20,451,451,137,137,148,,114,True,
276,api_write,cached-production-formatter,feature-response,3116,3116,1024,1036,1071,,961,False,
277,artifact_page,cached-production-formatter,root-default20,2865,2865,922,935,969,,922,False,
278,api_read,cached-production-formatter,mass/topology,417,417,155,155,166,,92,True,
279,artifact_page,cached-production-formatter,root-default20,165,165,43,42,54,,43,True,
280,artifact_page,cached-production-formatter,root-default20,2607,2607,874,858,905,,874,False,
281,artifact_page,cached-production-formatter,root-default20,95,95,26,25,36,,26,False,
282,artifact_page,cached-production-formatter,root-default20,1931,1931,456,451,505,,456,False,
283,api_write,cached-production-formatter,feature-response,6973,6973,2042,2043,2140,,1982,False,
284,artifact_page,cached-production-formatter,root-default20,6722,6722,1946,1946,2044,,1946,False,
285,artifact_page,cached-production-formatter,root-default20,452,452,160,155,178,,160,False,
286,artifact_page,cached-production-formatter,root-default20,287,287,76,73,94,,76,False,
287,api_read,cached-production-formatter,mass/topology,1745,1745,749,742,772,,682,False,
288,artifact_page,cached-production-formatter,root-default20,1494,1494,639,633,662,,639,False,
289,native_state,cached-production-formatter,native-tree,458,458,154,154,165,,95,True,
290,artifact_page,cached-production-formatter,root-default20,206,206,50,49,61,,50,True,
291,document_tree,cached-production-formatter,document;default20,451,451,141,142,152,,118,True,
292,artifact_page,cached-production-formatter,root-default20,247,247,61,57,74,,61,False,
293,artifact_page,cached-production-formatter,root-default20,283,283,106,103,118,,106,False,
294,document_tree,cached-production-formatter,document;default20,451,451,139,138,150,,116,True,
295,artifact_page,cached-production-formatter,root-default20,518,518,148,146,157,,148,False,
296,api_write,cached-production-formatter,feature-response,6960,6960,2046,2045,2144,,1981,False,
297,artifact_page,cached-production-formatter,root-default20,6709,6709,1940,1940,2038,,1940,False,
298,api_write,cached-production-formatter,feature-response,6961,6961,2046,2045,2144,,1981,False,
299,artifact_page,cached-production-formatter,root-default20,6710,6710,1940,1940,2038,,1940,False,
300,artifact_page,cached-production-formatter,root-default20,2315,2315,528,524,576,,528,False,
301,artifact_page,cached-production-formatter,root-default20,584,584,148,139,171,,148,False,
302,native_write,cached-production-formatter,native-response,450,450,144,142,155,,89,True,
303,artifact_page,cached-production-formatter,root-default20,198,198,48,47,59,,48,True,
304,evaluate,cached-production-formatter,evaluation,378,378,145,145,155,,82,False,
305,artifact_page,cached-production-formatter,root-default20,129,129,42,41,52,,42,False,
306,artifact_page,cached-production-formatter,root-default20,148,148,38,37,49,,38,True,
307,artifact_page,cached-production-formatter,root-default20,529,529,158,153,168,,158,False,
308,evaluate,cached-production-formatter,evaluation,511,511,211,207,228,,147,False,
309,artifact_page,cached-production-formatter,root-default20,261,261,106,103,123,,106,False,
310,api_write,cached-production-formatter,feature-response,1281,1281,418,422,441,,360,False,
311,artifact_page,cached-production-formatter,root-default20,1031,1031,325,330,348,,325,False,
312,api_write,cached-production-formatter,feature-response,529,529,181,179,192,,116,True,
313,artifact_page,cached-production-formatter,root-default20,278,278,65,64,76,,65,True,
314,artifact_page,cached-production-formatter,root-default20,168,168,44,43,55,,44,True,
315,evaluate,cached-production-formatter,evaluation,425,425,152,148,163,,91,True,
316,artifact_page,cached-production-formatter,root-default20,173,173,44,43,55,,44,True,
317,artifact_page,cached-production-formatter,root-default20,632,630,178,174,187,,178,False,
318,api_read,cached-production-formatter,features,592,592,185,181,196,,124,True,
319,artifact_page,cached-production-formatter,root-default20,338,338,76,75,87,,76,True,
320,artifact_page,cached-production-formatter,root-default20,327,327,85,81,104,,85,False,
321,api_read,cached-production-formatter,assembly-definition,451,451,145,143,156,,90,True,
322,artifact_page,cached-production-formatter,root-default20,199,199,49,48,60,,49,True,
323,element_tree,cached-production-formatter,assembly;default20,679,679,174,173,187,,151,True,
324,evaluate,cached-production-formatter,evaluation,406,406,163,161,176,,100,False,
325,artifact_page,cached-production-formatter,root-default20,156,156,60,59,73,,60,False,
326,artifact_page,cached-production-formatter,root-default20,573,573,208,206,220,,208,False,
327,evaluate,cached-production-formatter,evaluation,4544,4544,1864,1837,1989,,1801,False,
328,artifact_page,cached-production-formatter,root-default20,4293,4293,1762,1736,1887,,1762,False,
329,artifact_page,cached-production-formatter,root-default20,3395,3395,815,819,899,,815,False,
330,api_write,cached-production-formatter,feature-response,1281,1281,416,422,439,,356,False,
331,artifact_page,cached-production-formatter,root-default20,1031,1031,319,324,342,,319,False,
332,document_tree,cached-production-formatter,document;default20,4916,4916,1775,1747,1834,,640,False,10
333,api_read,cached-production-formatter,features,592,592,177,175,188,,120,True,
334,artifact_page,cached-production-formatter,root-default20,338,338,76,75,87,,76,True,
335,api_read,cached-production-formatter,assembly-definition,451,451,143,141,154,,89,True,
336,artifact_page,cached-production-formatter,root-default20,199,199,49,48,60,,49,True,
337,element_tree,cached-production-formatter,partstudio;default20,4025,4025,1335,1340,1412,,871,False,14
338,feature,recorded-response,batch,370,370,123,124,135,,123,False,
339,artifact_page,cached-production-formatter,root-default20,408,408,135,135,147,,135,False,
340,api_write,cached-production-formatter,feature-response,3757,3757,1078,1092,1137,,1020,False,
341,artifact_page,cached-production-formatter,root-default20,3506,3506,986,1003,1045,,986,False,
342,api_read,cached-production-formatter,assembly-definition,451,451,149,147,160,,92,True,
343,artifact_page,cached-production-formatter,root-default20,199,199,49,48,60,,49,True,
344,element_tree,cached-production-formatter,partstudio;default20,3647,3647,1209,1212,1281,,815,False,13
345,api_read,cached-production-formatter,features,592,592,183,181,194,,123,True,
346,artifact_page,cached-production-formatter,root-default20,338,338,76,75,87,,76,True,
347,document_tree,cached-production-formatter,document;default20,451,451,127,127,138,,104,True,
348,api_read,cached-production-formatter,assembly-definition,451,451,159,157,170,,97,True,
349,artifact_page,cached-production-formatter,root-default20,199,199,49,48,60,,49,True,
350,native_state,cached-production-formatter,native-tree,458,458,154,150,165,,95,True,
351,artifact_page,cached-production-formatter,root-default20,206,206,50,49,61,,50,True,
352,native_write,cached-production-formatter,native-response,538,538,184,183,195,,119,False,
353,artifact_page,cached-production-formatter,root-default20,288,288,77,77,88,,77,False,
354,api_read,cached-production-formatter,features,590,590,174,172,185,,118,True,
355,artifact_page,cached-production-formatter,root-default20,338,338,76,75,87,,76,True,
356,artifact_page,cached-production-formatter,root-default20,1517,1517,434,423,454,,434,False,
357,native_schema,cached-production-formatter,message-defaults,638,638,210,208,224,,149,False,
358,artifact_page,cached-production-formatter,root-default20,388,388,111,110,125,,111,False,
359,element_tree,cached-production-formatter,assembly;default20,679,679,170,169,183,,147,True,
360,api_read,cached-production-formatter,features,546,546,170,168,181,,112,True,
361,artifact_page,cached-production-formatter,root-default20,293,293,68,67,79,,68,True,
362,element_tree,cached-production-formatter,partstudio;default20,4704,4704,1593,1605,1680,,993,False,16
363,api_write,cached-production-formatter,feature-response,6960,6960,2040,2039,2138,,1981,False,
364,artifact_page,cached-production-formatter,root-default20,6709,6709,1946,1946,2044,,1946,False,
365,artifact_page,cached-production-formatter,root-default20,3003,3003,680,674,747,,680,False,
366,api_read,cached-production-formatter,assembly-definition,451,451,165,163,176,,100,True,
367,artifact_page,cached-production-formatter,root-default20,199,199,49,48,60,,49,True,
368,api_read,cached-production-formatter,features,591,591,174,172,185,,118,True,
369,artifact_page,cached-production-formatter,root-default20,338,338,76,75,87,,76,True,
370,artifact_page,cached-production-formatter,root-default20,283,283,107,103,119,,107,False,
371,artifact_page,cached-production-formatter,root-default20,1004,1004,247,244,271,,247,False,
372,native_write,cached-production-formatter,native-response,538,538,187,186,198,,122,False,
373,artifact_page,cached-production-formatter,root-default20,288,288,80,80,91,,80,False,
374,element_tree,cached-production-formatter,assembly;default20,679,679,174,174,187,,151,True,
375,display_state,cached-production-formatter,default20,6673,6661,1861,1869,1940,,1018,False,10
376,api_read,cached-production-formatter,assembly-definition,451,451,163,159,174,,99,True,
377,artifact_page,cached-production-formatter,root-default20,199,199,49,48,60,,49,True,
378,evaluate,cached-production-formatter,evaluation,402,402,155,153,168,,92,False,
379,artifact_page,cached-production-formatter,root-default20,152,152,52,51,65,,52,False,
380,native_write,cached-production-formatter,native-response,538,538,179,176,190,,114,False,
381,artifact_page,cached-production-formatter,root-default20,288,288,72,72,83,,72,False,
382,feature_template,cached-production-formatter,template,457,457,151,147,162,,93,True,
383,artifact_page,cached-production-formatter,root-default20,205,205,49,48,60,,49,True,
384,api_read,cached-production-formatter,features,592,592,185,183,196,,124,True,
385,artifact_page,cached-production-formatter,root-default20,338,338,76,75,87,,76,True,
386,element_tree,cached-production-formatter,partstudio;default20,3671,3671,1219,1224,1291,,789,False,13
387,feature_template,cached-production-formatter,template,457,457,151,149,162,,93,True,
388,artifact_page,cached-production-formatter,root-default20,205,205,49,48,60,,49,True,
389,document_tree,cached-production-formatter,document;default20,451,451,130,130,141,,107,True,
390,artifact_page,cached-production-formatter,root-default20,271,271,70,70,81,,70,True,
391,api_read,cached-production-formatter,assembly-definition,451,451,159,155,170,,97,True,
392,artifact_page,cached-production-formatter,root-default20,199,199,49,48,60,,49,True,
393,feature,recorded-response,batch,370,370,122,122,134,,122,False,
394,artifact_page,cached-production-formatter,root-default20,408,408,134,133,146,,134,False,
395,native_state,cached-production-formatter,native-tree,3959,3957,1164,1146,1217,,1100,False,
396,artifact_page,cached-production-formatter,root-default20,3708,3706,1060,1043,1113,,1060,False,
397,native_write,cached-production-formatter,native-response,538,538,176,173,187,,113,False,
398,artifact_page,cached-production-formatter,root-default20,288,288,73,73,84,,73,False,
399,api_read,cached-production-formatter,features,4719,4719,1397,1401,1452,,1332,False,
400,artifact_page,cached-production-formatter,root-default20,4468,4468,1291,1296,1346,,1291,False,
401,evaluate,cached-production-formatter,evaluation,425,425,146,142,157,,88,True,
402,artifact_page,cached-production-formatter,root-default20,173,173,44,43,55,,44,True,
403,artifact_page,cached-production-formatter,root-default20,148,148,38,37,49,,38,True,
404,artifact_page,cached-production-formatter,root-default20,40,40,14,14,22,,14,False,
405,artifact_page,cached-production-formatter,root-default20,168,168,44,43,55,,44,True,
406,api_read,cached-production-formatter,features,592,592,179,179,190,,121,True,
407,artifact_page,cached-production-formatter,root-default20,338,338,76,75,87,,76,True,
408,api_read,cached-production-formatter,mass/topology,3079,3079,1395,1385,1435,,1330,False,
409,artifact_page,cached-production-formatter,root-default20,2828,2828,1289,1280,1329,,1289,False,
410,document_tree,cached-production-formatter,document;default20,451,451,135,136,146,,112,True,
411,feature_template,cached-production-formatter,template,457,457,151,149,162,,93,True,
412,artifact_page,cached-production-formatter,root-default20,205,205,49,48,60,,49,True,
413,document_tree,cached-production-formatter,document;default20,451,451,145,144,156,,122,True,
414,api_write,cached-production-formatter,feature-response,2132,2130,765,784,812,,700,False,
415,artifact_page,cached-production-formatter,root-default20,1881,1879,659,679,706,,659,False,
416,artifact_page,cached-production-formatter,root-default20,1137,1137,236,229,264,,236,False,
417,display_state,cached-production-formatter,default20,6783,6771,1910,1916,1990,,1067,False,10
418,api_read,cached-production-formatter,assembly-definition,451,451,151,149,162,,93,True,
419,artifact_page,cached-production-formatter,root-default20,199,199,49,48,60,,49,True,
420,element_tree,cached-production-formatter,partstudio;default20,4736,4736,1603,1616,1690,,992,False,16
421,api_read,cached-production-formatter,mass/topology,1737,1737,751,743,774,,687,False,
422,artifact_page,cached-production-formatter,root-default20,1486,1486,647,640,670,,647,False,
423,artifact_page,cached-production-formatter,root-default20,262,262,70,65,84,,70,False,
424,api_read,cached-production-formatter,features,590,590,184,182,195,,123,True,
425,artifact_page,cached-production-formatter,root-default20,338,338,76,75,87,,76,True,
426,artifact_page,cached-production-formatter,root-default20,1496,1496,336,335,369,,336,False,
427,feature_template,cached-production-formatter,template,457,457,157,155,168,,96,True,
428,artifact_page,cached-production-formatter,root-default20,205,205,49,48,60,,49,True,
429,feature,recorded-response,batch,370,370,123,123,135,,123,False,
430,artifact_page,cached-production-formatter,root-default20,408,408,135,134,147,,135,False,
431,api_read,cached-production-formatter,features,592,592,183,181,194,,123,True,
432,artifact_page,cached-production-formatter,root-default20,338,338,76,75,87,,76,True,
433,api_read,cached-production-formatter,features,546,546,172,170,183,,113,True,
434,artifact_page,cached-production-formatter,root-default20,293,293,68,67,79,,68,True,
435,document_tree,cached-production-formatter,document;default20,5572,5572,2078,2048,2142,,724,False,11
436,native_write,cached-production-formatter,native-response,2271,2271,954,941,990,,891,False,
437,artifact_page,cached-production-formatter,root-default20,2020,2020,852,842,888,,852,False,
438,api_read,cached-production-formatter,mass/topology,1745,1745,756,748,779,,689,False,
439,artifact_page,cached-production-formatter,root-default20,1494,1494,646,639,669,,646,False,
440,native_write,cached-production-formatter,native-response,5815,5815,1966,1943,2024,,1900,False,
441,artifact_page,cached-production-formatter,root-default20,5564,5564,1858,1834,1916,,1858,False,
442,document_tree,cached-production-formatter,document;default20,451,451,136,136,147,,113,True,
443,artifact_page,cached-production-formatter,root-default20,168,168,44,43,55,,44,True,
444,native_write,cached-production-formatter,native-response,5941,5941,1993,1967,2054,,1930,False,
445,artifact_page,cached-production-formatter,root-default20,5690,5690,1891,1864,1952,,1891,False,
446,artifact_page,cached-production-formatter,root-default20,721,721,191,190,214,,191,False,
447,api_read,cached-production-formatter,features,546,546,172,168,183,,113,True,
448,artifact_page,cached-production-formatter,root-default20,293,293,68,67,79,,68,True,
449,artifact_page,cached-production-formatter,root-default20,611,611,172,169,181,,172,False,
450,api_write,cached-production-formatter,feature-response,3329,3329,1289,1305,1323,,1226,False,
451,artifact_page,cached-production-formatter,root-default20,3078,3078,1187,1204,1221,,1187,False,
452,api_read,cached-production-formatter,assembly-definition,451,451,151,149,162,,93,True,
453,artifact_page,cached-production-formatter,root-default20,199,199,49,48,60,,49,True,
454,api_read,cached-production-formatter,assembly-definition,451,451,153,153,164,,94,True,
455,artifact_page,cached-production-formatter,root-default20,199,199,49,48,60,,49,True,
456,artifact_page,cached-production-formatter,root-default20,290,290,110,107,122,,110,False,
457,document_tree,cached-production-formatter,document;default20,5579,5579,2043,2013,2107,,714,False,11
458,api_write,cached-production-formatter,feature-response,6974,6974,2056,2054,2154,,1992,False,
459,artifact_page,cached-production-formatter,root-default20,6723,6723,1952,1951,2050,,1952,False,
460,element_tree,cached-production-formatter,assembly;default20,679,679,178,177,191,,155,True,
461,document_tree,cached-production-formatter,document;default20,2336,2336,871,860,897,,304,False,4
462,feature_template,cached-production-formatter,template,457,457,143,141,154,,89,True,
463,artifact_page,cached-production-formatter,root-default20,205,205,49,48,60,,49,True,
464,api_read,cached-production-formatter,features,590,590,188,184,199,,125,True,
465,artifact_page,cached-production-formatter,root-default20,338,338,76,75,87,,76,True,
466,artifact_page,cached-production-formatter,root-default20,290,290,110,107,122,,110,False,
467,api_write,cached-production-formatter,feature-response,6960,6960,2046,2044,2144,,1981,False,
468,artifact_page,cached-production-formatter,root-default20,6709,6709,1940,1939,2038,,1940,False,
469,evaluate,cached-production-formatter,evaluation,452,452,181,179,196,,122,False,
470,artifact_page,cached-production-formatter,root-default20,202,202,86,85,101,,86,False,
471,api_read,cached-production-formatter,mass/topology,3103,3103,1390,1380,1430,,1328,False,
472,artifact_page,cached-production-formatter,root-default20,2852,2852,1290,1281,1330,,1290,False,
473,api_read,cached-production-formatter,assembly-definition,452,452,153,149,164,,94,True,
474,artifact_page,cached-production-formatter,root-default20,199,199,49,48,60,,49,True,
475,artifact_page,cached-production-formatter,root-default20,271,271,70,70,81,,70,True,
476,api_write,cached-production-formatter,feature-response,6961,6961,2021,2017,2119,,1959,False,
477,artifact_page,cached-production-formatter,root-default20,6710,6710,1921,1918,2019,,1921,False,
478,artifact_page,cached-production-formatter,root-default20,470,470,151,143,163,,151,False,
479,feature_template,cached-production-formatter,template,458,458,149,147,160,,92,True,
480,artifact_page,cached-production-formatter,root-default20,205,205,49,48,60,,49,True,
481,api_read,cached-production-formatter,features,591,591,186,186,197,,124,True,
482,artifact_page,cached-production-formatter,root-default20,338,338,76,75,87,,76,True,
483,native_write,cached-production-formatter,native-response,5032,5032,1693,1670,1744,,1628,False,
484,artifact_page,cached-production-formatter,root-default20,4781,4781,1587,1567,1638,,1587,False,
485,evaluate,cached-production-formatter,evaluation,1121,1121,439,429,485,,378,False,
486,artifact_page,cached-production-formatter,root-default20,871,871,340,331,386,,340,False,
487,api_read,cached-production-formatter,features,546,546,180,178,191,,117,True,
488,artifact_page,cached-production-formatter,root-default20,293,293,68,67,79,,68,True,
489,native_write,cached-production-formatter,native-response,6449,6449,2168,2134,2236,,2108,False,
490,artifact_page,cached-production-formatter,root-default20,6198,6198,2072,2041,2140,,2072,False,
491,api_read,cached-production-formatter,assembly-definition,451,451,157,155,168,,96,True,
492,artifact_page,cached-production-formatter,root-default20,199,199,49,48,60,,49,True,
493,evaluate,cached-production-formatter,evaluation,425,425,158,156,169,,94,True,
494,artifact_page,cached-production-formatter,root-default20,173,173,44,43,55,,44,True,
495,api_read,cached-production-formatter,assembly-definition,451,451,155,151,166,,95,True,
496,artifact_page,cached-production-formatter,root-default20,199,199,49,48,60,,49,True,
497,artifact_page,cached-production-formatter,root-default20,245,245,69,66,81,,69,False,
498,artifact_page,cached-production-formatter,root-default20,434,434,120,113,141,,120,False,
499,api_read,cached-production-formatter,mass/topology,1738,1738,752,744,775,,684,False,
500,artifact_page,cached-production-formatter,root-default20,1487,1487,640,633,663,,640,False,
501,evaluate,cached-production-formatter,evaluation,490,490,209,205,225,,143,False,
502,artifact_page,cached-production-formatter,root-default20,240,240,100,97,116,,100,False,
503,artifact_page,cached-production-formatter,root-default20,3498,3498,816,811,884,,816,False,
504,api_read,cached-production-formatter,assembly-definition,451,451,167,165,178,,101,True,
505,artifact_page,cached-production-formatter,root-default20,199,199,49,48,60,,49,True,
506,api_write,cached-production-formatter,feature-response,530,530,177,175,188,,114,True,
507,artifact_page,cached-production-formatter,root-default20,278,278,65,64,76,,65,True,
508,native_state,cached-production-formatter,native-tree,458,458,152,150,163,,94,True,
509,artifact_page,cached-production-formatter,root-default20,206,206,50,49,61,,50,True,
510,artifact_page,cached-production-formatter,root-default20,728,728,182,179,204,,182,False,
511,api_write,cached-production-formatter,feature-response,529,529,169,167,180,,110,True,
512,artifact_page,cached-production-formatter,root-default20,278,278,65,64,76,,65,True,
513,element_tree,cached-production-formatter,partstudio;default20,4295,4295,1422,1432,1504,,946,False,15
514,artifact_page,cached-production-formatter,root-default20,290,290,109,106,121,,109,False,
515,api_read,cached-production-formatter,assembly-definition,452,452,151,149,162,,93,True,
516,artifact_page,cached-production-formatter,root-default20,199,199,49,48,60,,49,True,
517,evaluate,cached-production-formatter,evaluation,743,743,309,304,329,,242,False,
518,artifact_page,cached-production-formatter,root-default20,493,493,198,196,218,,198,False,
519,api_read,cached-production-formatter,mass/topology,417,417,153,151,164,,91,True,
520,artifact_page,cached-production-formatter,root-default20,165,165,43,42,54,,43,True,
521,native_write,cached-production-formatter,native-response,2254,2254,949,942,985,,885,False,
522,artifact_page,cached-production-formatter,root-default20,2003,2003,845,837,881,,845,False,
523,api_write,cached-production-formatter,feature-response,529,529,163,159,174,,107,True,
524,artifact_page,cached-production-formatter,root-default20,278,278,65,64,76,,65,True,
525,artifact_page,cached-production-formatter,root-default20,1294,1294,306,302,339,,306,False,
526,evaluate,cached-production-formatter,evaluation,1436,1436,500,487,540,,437,False,
527,artifact_page,cached-production-formatter,root-default20,1185,1185,398,386,438,,398,False,
528,artifact_page,cached-production-formatter,root-default20,310,310,69,68,80,,69,True,
529,api_read,cached-production-formatter,assembly-definition,451,451,163,161,174,,99,True,
530,artifact_page,cached-production-formatter,root-default20,199,199,49,48,60,,49,True,
531,document_tree,cached-production-formatter,document;default20,5633,5633,2077,2049,2141,,730,False,11
532,api_write,cached-production-formatter,feature-response,6974,6974,2049,2041,2147,,1986,False,
533,artifact_page,cached-production-formatter,root-default20,6723,6723,1947,1940,2045,,1947,False,
534,artifact_page,cached-production-formatter,root-default20,2171,2171,752,737,779,,752,False,
535,feature_template,cached-production-formatter,template,457,457,141,139,152,,88,True,
536,artifact_page,cached-production-formatter,root-default20,205,205,49,48,60,,49,True,
537,document_tree,cached-production-formatter,document;default20,3253,3249,1210,1208,1247,,437,False,6
538,artifact_page,cached-production-formatter,root-default20,2464,2460,756,747,875,,756,False,
539,document_tree,cached-production-formatter,document;default20,3199,3195,1188,1181,1225,,427,False,6
540,api_read,cached-production-formatter,features,2085,2085,611,616,646,,546,False,
541,artifact_page,cached-production-formatter,root-default20,1834,1834,505,511,540,,505,False,
542,document_tree,cached-production-formatter,document;default20,451,451,134,134,145,,111,True,
543,artifact_page,cached-production-formatter,root-default20,168,168,44,43,55,,44,True,
544,api_write,cached-production-formatter,feature-response,1281,1281,428,434,451,,367,False,
545,artifact_page,cached-production-formatter,root-default20,1031,1031,329,336,352,,329,False,
546,element_tree,cached-production-formatter,partstudio;default20,454,454,135,135,146,,112,True,
547,feature_template,cached-production-formatter,template,457,457,143,141,154,,89,True,
548,artifact_page,cached-production-formatter,root-default20,205,205,49,48,60,,49,True,
549,artifact_page,cached-production-formatter,root-default20,277,277,74,70,92,,74,False,
550,document_tree,cached-production-formatter,document;default20,6875,6875,2502,2467,2573,,840,False,13
551,api_write,cached-production-formatter,feature-response,529,529,173,171,184,,112,True,
552,artifact_page,cached-production-formatter,root-default20,278,278,65,64,76,,65,True,
553,artifact_page,cached-production-formatter,root-default20,452,452,161,156,179,,161,False,
554,evaluate,cached-production-formatter,evaluation,400,400,155,153,168,,92,False,
555,artifact_page,cached-production-formatter,root-default20,150,150,52,51,65,,52,False,
556,api_read,cached-production-formatter,mass/topology,2782,2782,1298,1293,1338,,1232,False,
557,artifact_page,cached-production-formatter,root-default20,2531,2531,1190,1186,1230,,1190,False,
558,api_read,cached-production-formatter,features,1351,1349,459,457,483,,392,False,
559,artifact_page,cached-production-formatter,root-default20,1100,1098,349,348,373,,349,False,
560,evaluate,cached-production-formatter,evaluation,3141,3141,1274,1251,1419,,1206,False,
561,artifact_page,cached-production-formatter,root-default20,2890,2890,1162,1142,1307,,1162,False,
562,native_state,cached-production-formatter,native-tree,3759,3759,1032,1020,1080,,968,False,
563,artifact_page,cached-production-formatter,root-default20,3508,3508,928,919,976,,928,False,
564,api_write,cached-production-formatter,feature-response,529,529,183,181,194,,117,True,
565,artifact_page,cached-production-formatter,root-default20,278,278,65,64,76,,65,True,
566,api_read,cached-production-formatter,features,590,590,194,192,205,,128,True,
567,artifact_page,cached-production-formatter,root-default20,338,338,76,75,87,,76,True,
568,evaluate,cached-production-formatter,evaluation,401,401,159,153,172,,94,False,
569,artifact_page,cached-production-formatter,root-default20,151,151,52,51,65,,52,False,
570,element_tree,cached-production-formatter,assembly;default20,679,679,176,176,189,,153,True,
571,api_read,cached-production-formatter,assembly-definition,451,451,159,157,170,,97,True,
572,artifact_page,cached-production-formatter,root-default20,199,199,49,48,60,,49,True,
573,document_tree,cached-production-formatter,document;default20,6937,6937,2573,2541,2644,,855,False,13
574,api_read,cached-production-formatter,features,591,591,180,178,191,,121,True,
575,artifact_page,cached-production-formatter,root-default20,338,338,76,75,87,,76,True,
576,feature_template,cached-production-formatter,template,3470,3470,984,960,1036,,918,False,
577,artifact_page,cached-production-formatter,root-default20,3219,3219,876,853,928,,876,False,
578,element_tree,cached-production-formatter,partstudio;default20,3977,3977,1328,1334,1405,,875,False,14
579,native_schema,cached-production-formatter,message-defaults,541,541,179,179,193,,113,False,
580,artifact_page,cached-production-formatter,root-default20,291,291,70,71,84,,70,False,
581,native_write,cached-production-formatter,native-response,4030,4026,1373,1361,1409,,1311,False,
582,artifact_page,cached-production-formatter,root-default20,3779,3775,1273,1262,1309,,1273,False,
583,api_read,cached-production-formatter,assembly-definition,451,451,159,157,170,,97,True,
584,artifact_page,cached-production-formatter,root-default20,199,199,49,48,60,,49,True,
585,api_read,cached-production-formatter,features,590,590,184,182,195,,123,True,
586,artifact_page,cached-production-formatter,root-default20,338,338,76,75,87,,76,True,
587,artifact_page,cached-production-formatter,root-default20,1538,1538,337,321,379,,337,False,
588,element_tree,cached-production-formatter,partstudio;default20,454,454,137,136,148,,114,True,
589,api_read,cached-production-formatter,mass/topology,1751,1751,748,741,771,,683,False,
590,artifact_page,cached-production-formatter,root-default20,1500,1500,642,636,665,,642,False,
591,document_tree,cached-production-formatter,document;default20,451,451,134,135,145,,111,True,
592,element_tree,cached-production-formatter,partstudio;default20,3977,3977,1325,1331,1402,,872,False,14
593,api_write,cached-production-formatter,feature-response,6961,6961,2032,2035,2130,,1964,False,
594,artifact_page,cached-production-formatter,root-default20,6710,6710,1920,1924,2018,,1920,False,
595,artifact_page,cached-production-formatter,root-default20,2758,2758,632,626,693,,632,False,
596,api_read,cached-production-formatter,assembly-definition,451,451,157,153,168,,96,True,
597,artifact_page,cached-production-formatter,root-default20,199,199,49,48,60,,49,True,
598,api_write,cached-production-formatter,feature-response,3679,3677,1089,1094,1144,,1022,False,
599,artifact_page,cached-production-formatter,root-default20,3428,3426,979,985,1034,,979,False,
600,evaluate,cached-production-formatter,evaluation,632,632,265,268,278,,207,False,
601,artifact_page,cached-production-formatter,root-default20,382,382,172,174,185,,172,False,
602,api_read,cached-production-formatter,features,546,546,172,170,183,,113,True,
603,artifact_page,cached-production-formatter,root-default20,293,293,68,67,79,,68,True,
604,native_write,cached-production-formatter,native-response,538,538,180,179,191,,117,False,
605,artifact_page,cached-production-formatter,root-default20,288,288,77,77,88,,77,False,
606,artifact_page,cached-production-formatter,root-default20,148,148,38,37,49,,38,True,
607,artifact_page,cached-production-formatter,root-default20,694,694,187,184,211,,187,False,
608,evaluate,cached-production-formatter,evaluation,3549,3549,1224,1185,1313,,1162,False,
609,artifact_page,cached-production-formatter,root-default20,3298,3298,1124,1088,1213,,1124,False,
610,evaluate,cached-production-formatter,evaluation,1291,1291,514,507,560,,453,False,
611,artifact_page,cached-production-formatter,root-default20,1040,1040,416,410,462,,416,False,
612,api_read,cached-production-formatter,mass/topology,1750,1750,753,747,776,,689,False,
613,artifact_page,cached-production-formatter,root-default20,1499,1499,649,642,672,,649,False,
614,display_state,cached-production-formatter,default20,6673,6661,1865,1872,1944,,1022,False,10
615,document_tree,cached-production-formatter,document;default20,451,451,134,134,145,,111,True,
616,api_read,cached-production-formatter,mass/topology,1754,1754,753,747,776,,691,False,
617,artifact_page,cached-production-formatter,root-default20,1503,1503,653,646,676,,653,False,
618,api_read,cached-production-formatter,features,592,592,181,179,192,,122,True,
619,artifact_page,cached-production-formatter,root-default20,338,338,76,75,87,,76,True,
620,api_read,cached-production-formatter,assembly-definition,451,451,147,145,158,,91,True,
621,artifact_page,cached-production-formatter,root-default20,199,199,49,48,60,,49,True,
622,artifact_page,cached-production-formatter,root-default20,716,716,191,189,215,,191,False,
623,artifact_page,cached-production-formatter,root-default20,290,290,110,107,122,,110,False,
624,element_tree,cached-production-formatter,partstudio;default20,3966,3966,1325,1329,1402,,872,False,14
625,element_tree,cached-production-formatter,partstudio;default20,3977,3977,1321,1329,1398,,868,False,14
626,native_state,cached-production-formatter,native-tree,458,458,158,156,169,,97,True,
627,artifact_page,cached-production-formatter,root-default20,206,206,50,49,61,,50,True,
628,api_read,cached-production-formatter,features,592,592,171,171,182,,117,True,
629,artifact_page,cached-production-formatter,root-default20,338,338,76,75,87,,76,True,
630,api_write,cached-production-formatter,feature-response,529,529,171,169,182,,111,True,
631,artifact_page,cached-production-formatter,root-default20,278,278,65,64,76,,65,True,
632,evaluate,cached-production-formatter,evaluation,5615,5615,2385,2344,2580,,2317,False,
633,artifact_page,cached-production-formatter,root-default20,5364,5364,2273,2233,2468,,2273,False,
634,api_write,cached-production-formatter,feature-response,529,529,175,173,186,,113,True,
635,artifact_page,cached-production-formatter,root-default20,278,278,65,64,76,,65,True,
636,artifact_page,cached-production-formatter,root-default20,264,264,62,61,73,,62,True,
637,artifact_page,cached-production-formatter,root-default20,406,406,104,97,125,,104,False,
638,artifact_page,cached-production-formatter,root-default20,1078,1078,287,272,317,,287,False,
639,evaluate,cached-production-formatter,evaluation,452,452,181,177,196,,119,False,
640,artifact_page,cached-production-formatter,root-default20,202,202,80,77,95,,80,False,
641,feature_template,cached-production-formatter,template,457,457,157,155,168,,96,True,
642,artifact_page,cached-production-formatter,root-default20,205,205,49,48,60,,49,True,
643,evaluate,cached-production-formatter,evaluation,468,468,189,191,205,,126,False,
644,artifact_page,cached-production-formatter,root-default20,218,218,86,83,102,,86,False,
645,api_write,cached-production-formatter,feature-response,3745,3745,1109,1111,1170,,1044,False,
646,artifact_page,cached-production-formatter,root-default20,3494,3494,1003,1010,1064,,1003,False,
647,api_read,cached-production-formatter,assembly-definition,451,451,157,155,168,,96,True,
648,artifact_page,cached-production-formatter,root-default20,199,199,49,48,60,,49,True,
649,api_read,cached-production-formatter,features,592,592,185,183,196,,124,True,
650,artifact_page,cached-production-formatter,root-default20,338,338,76,75,87,,76,True,
651,api_read,cached-production-formatter,features,592,592,177,175,188,,120,True,
652,artifact_page,cached-production-formatter,root-default20,338,338,76,75,87,,76,True,
653,api_read,cached-production-formatter,assembly-definition,451,451,155,155,166,,95,True,
654,artifact_page,cached-production-formatter,root-default20,199,199,49,48,60,,49,True,
655,api_read,cached-production-formatter,features,592,592,181,175,192,,122,True,
656,artifact_page,cached-production-formatter,root-default20,338,338,76,75,87,,76,True,
657,native_write,cached-production-formatter,native-response,538,538,176,173,187,,114,False,
658,artifact_page,cached-production-formatter,root-default20,288,288,75,75,86,,75,False,
659,artifact_page,cached-production-formatter,root-default20,498,498,131,123,154,,131,False,
660,api_write,cached-production-formatter,feature-response,529,529,169,167,180,,110,True,
661,artifact_page,cached-production-formatter,root-default20,278,278,65,64,76,,65,True,
662,element_tree,cached-production-formatter,partstudio;default20,3977,3977,1323,1329,1400,,870,False,14
663,artifact_page,cached-production-formatter,root-default20,255,255,67,67,78,,67,True,
664,element_tree,cached-production-formatter,partstudio;default20,4025,4025,1341,1346,1418,,877,False,14
665,display_state,cached-production-formatter,default20,6783,6771,1911,1918,1991,,1068,False,10
666,native_schema,cached-production-formatter,message-defaults,1401,1401,421,418,447,,356,False,
667,artifact_page,cached-production-formatter,root-default20,1150,1150,315,313,341,,315,False,
668,api_read,cached-production-formatter,assembly-definition,451,451,149,145,160,,92,True,
669,artifact_page,cached-production-formatter,root-default20,199,199,49,48,60,,49,True,
670,element_tree,cached-production-formatter,partstudio;default20,454,454,138,138,149,,115,True,
671,artifact_page,cached-production-formatter,root-default20,404,404,110,103,130,,110,False,
672,artifact_page,cached-production-formatter,root-default20,227,227,72,71,81,,72,False,
673,api_read,cached-production-formatter,mass/topology,3104,3104,1409,1399,1449,,1340,False,
674,artifact_page,cached-production-formatter,root-default20,2853,2853,1295,1286,1335,,1295,False,
675,api_read,cached-production-formatter,features,591,591,184,182,195,,123,True,
676,artifact_page,cached-production-formatter,root-default20,338,338,76,75,87,,76,True,
677,api_write,cached-production-formatter,feature-response,529,529,173,171,184,,112,True,
678,artifact_page,cached-production-formatter,root-default20,278,278,65,64,76,,65,True,
679,evaluate,cached-production-formatter,evaluation,401,401,163,160,176,,97,False,
680,artifact_page,cached-production-formatter,root-default20,151,151,54,54,67,,54,False,
681,element_tree,cached-production-formatter,assembly;default20,679,679,176,176,189,,153,True,
682,document_tree,cached-production-formatter,document;default20,6937,6937,2544,2510,2615,,853,False,13
683,api_read,cached-production-formatter,assembly-definition,451,451,143,141,154,,89,True,
684,artifact_page,cached-production-formatter,root-default20,199,199,49,48,60,,49,True,
685,artifact_page,cached-production-formatter,root-default20,1034,1034,252,249,282,,252,False,
686,artifact_page,cached-production-formatter,root-default20,847,847,221,218,246,,221,False,
687,native_write,cached-production-formatter,native-response,538,538,183,181,194,,119,False,
688,artifact_page,cached-production-formatter,root-default20,288,288,78,77,89,,78,False,
689,artifact_page,cached-production-formatter,root-default20,631,631,164,147,192,,164,False,
690,artifact_page,cached-production-formatter,root-default20,271,271,70,70,81,,70,True,
691,api_write,cached-production-formatter,feature-response,530,530,163,159,174,,107,True,
692,artifact_page,cached-production-formatter,root-default20,278,278,65,64,76,,65,True,
693,api_write,cached-production-formatter,feature-response,529,529,159,157,170,,105,True,
694,artifact_page,cached-production-formatter,root-default20,278,278,65,64,76,,65,True,
695,native_write,cached-production-formatter,native-response,5421,5421,1824,1799,1877,,1762,False,
696,artifact_page,cached-production-formatter,root-default20,5170,5170,1724,1700,1777,,1724,False,
697,artifact_page,cached-production-formatter,root-default20,2460,2456,753,744,871,,753,False,
698,native_write,cached-production-formatter,native-response,538,538,176,174,187,,116,False,
699,artifact_page,cached-production-formatter,root-default20,288,288,79,78,90,,79,False,
700,document_tree,cached-production-formatter,document;default20,451,451,131,131,142,,108,True,
701,api_read,cached-production-formatter,assembly-definition,451,451,149,147,160,,92,True,
702,artifact_page,cached-production-formatter,root-default20,199,199,49,48,60,,49,True,
703,api_read,cached-production-formatter,assembly-definition,451,451,153,151,164,,94,True,
704,artifact_page,cached-production-formatter,root-default20,199,199,49,48,60,,49,True,
705,api_read,cached-production-formatter,assembly-definition,451,451,147,141,158,,91,True,
706,artifact_page,cached-production-formatter,root-default20,199,199,49,48,60,,49,True,
707,artifact_page,cached-production-formatter,root-default20,168,168,44,43,55,,44,True,
708,artifact_page,cached-production-formatter,root-default20,738,738,186,182,208,,186,False,
709,native_state,cached-production-formatter,native-tree,458,458,150,148,161,,93,True,
710,artifact_page,cached-production-formatter,root-default20,206,206,50,49,61,,50,True,
711,artifact_page,cached-production-formatter,root-default20,148,148,38,37,49,,38,True,
712,api_read,cached-production-formatter,assembly-definition,451,451,153,151,164,,94,True,
713,artifact_page,cached-production-formatter,root-default20,199,199,49,48,60,,49,True,
714,element_tree,cached-production-formatter,partstudio;default20,3976,3976,1333,1339,1410,,880,False,14
715,element_tree,cached-production-formatter,partstudio;default20,3977,3977,1325,1331,1402,,872,False,14
716,api_write,cached-production-formatter,feature-response,529,529,171,169,182,,111,True,
717,artifact_page,cached-production-formatter,root-default20,278,278,65,64,76,,65,True,
718,api_write,cached-production-formatter,feature-response,529,529,175,173,186,,113,True,
719,artifact_page,cached-production-formatter,root-default20,278,278,65,64,76,,65,True,
720,display_state,cached-production-formatter,default20,6642,6620,1790,1796,1868,,931,False,10
721,native_schema,cached-production-formatter,message-defaults,686,686,253,255,266,,191,False,
722,artifact_page,cached-production-formatter,root-default20,436,436,152,153,165,,152,False,
723,artifact_page,cached-production-formatter,root-default20,1076,1076,274,271,298,,274,False,
724,api_read,cached-production-formatter,features,590,590,188,186,199,,125,True,
725,artifact_page,cached-production-formatter,root-default20,338,338,76,75,87,,76,True,
726,artifact_page,cached-production-formatter,root-default20,155,155,70,67,79,,70,False,
727,evaluate,cached-production-formatter,evaluation,425,425,154,150,165,,92,True,
728,artifact_page,cached-production-formatter,root-default20,173,173,44,43,55,,44,True,
729,api_read,cached-production-formatter,features,590,590,172,170,183,,117,True,
730,artifact_page,cached-production-formatter,root-default20,338,338,76,75,87,,76,True,
731,api_read,cached-production-formatter,features,590,590,182,176,193,,122,True,
732,artifact_page,cached-production-formatter,root-default20,338,338,76,75,87,,76,True,
733,element_tree,cached-production-formatter,assembly;default20,679,679,175,174,188,,152,True,
734,api_read,cached-production-formatter,features,592,592,177,173,188,,120,True,
735,artifact_page,cached-production-formatter,root-default20,338,338,76,75,87,,76,True,
736,document_tree,cached-production-formatter,document;default20,451,451,140,140,151,,117,True,
737,api_read,cached-production-formatter,assembly-definition,451,451,159,155,170,,97,True,
738,artifact_page,cached-production-formatter,root-default20,199,199,49,48,60,,49,True,
739,artifact_page,cached-production-formatter,root-default20,428,428,117,111,138,,117,False,
740,artifact_page,cached-production-formatter,root-default20,537,535,157,154,166,,157,False,
741,artifact_page,cached-production-formatter,root-default20,1995,1995,657,656,747,,657,False,
742,artifact_page,cached-production-formatter,root-default20,259,259,68,65,85,,68,False,
743,native_write,cached-production-formatter,native-response,6332,6332,2129,2100,2194,,2067,False,
744,artifact_page,cached-production-formatter,root-default20,6081,6081,2029,2001,2094,,2029,False,
745,artifact_page,cached-production-formatter,root-default20,160,160,41,39,52,,41,False,
746,api_read,cached-production-formatter,mass/topology,5813,5813,2687,2670,2756,,2623,False,
747,artifact_page,cached-production-formatter,root-default20,5562,5562,2583,2567,2652,,2583,False,
748,api_read,cached-production-formatter,features,592,592,171,171,182,,117,True,
749,artifact_page,cached-production-formatter,root-default20,338,338,76,75,87,,76,True,
750,api_read,cached-production-formatter,assembly-definition,451,451,151,149,162,,93,True,
751,artifact_page,cached-production-formatter,root-default20,199,199,49,48,60,,49,True,
752,document_tree,cached-production-formatter,document;default20,451,451,135,135,146,,112,True,
753,api_read,cached-production-formatter,mass/topology,3777,3777,1786,1778,1840,,1716,False,
754,artifact_page,cached-production-formatter,root-default20,3526,3526,1670,1663,1724,,1670,False,
755,api_write,cached-production-formatter,feature-response,529,529,163,161,174,,107,True,
756,artifact_page,cached-production-formatter,root-default20,278,278,65,64,76,,65,True,
757,element_tree,cached-production-formatter,assembly;default20,678,678,179,179,192,,156,True,
758,api_read,cached-production-formatter,features,590,590,182,180,193,,122,True,
759,artifact_page,cached-production-formatter,root-default20,338,338,76,75,87,,76,True,
760,artifact_page,cached-production-formatter,root-default20,597,597,163,152,188,,163,False,
761,api_read,cached-production-formatter,features,592,592,181,179,192,,122,True,
762,artifact_page,cached-production-formatter,root-default20,338,338,76,75,87,,76,True,
763,element_tree,cached-production-formatter,partstudio;default20,3977,3977,1328,1334,1405,,875,False,14
764,native_state,cached-production-formatter,native-tree,3759,3759,1038,1030,1086,,972,False,
765,artifact_page,cached-production-formatter,root-default20,3508,3508,930,923,978,,930,False,
766,api_read,cached-production-formatter,assembly-definition,451,451,147,145,158,,91,True,
767,artifact_page,cached-production-formatter,root-default20,199,199,49,48,60,,49,True,
768,artifact_page,cached-production-formatter,root-default20,1359,1359,450,454,513,,450,False,
769,api_write,cached-production-formatter,feature-response,6961,6961,2040,2052,2138,,1976,False,
770,artifact_page,cached-production-formatter,root-default20,6710,6710,1936,1949,2034,,1936,False,
771,api_write,cached-production-formatter,feature-response,6974,6974,2039,2041,2137,,1973,False,
772,artifact_page,cached-production-formatter,root-default20,6723,6723,1931,1934,2029,,1931,False,
773,document_tree,cached-production-formatter,document;default20,451,451,139,138,150,,116,True,
774,display_state,cached-production-formatter,default20,6783,6771,1914,1921,1994,,1071,False,10
775,native_state,cached-production-formatter,native-tree,459,459,152,150,163,,94,True,
776,artifact_page,cached-production-formatter,root-default20,206,206,50,49,61,,50,True,
777,document_tree,cached-production-formatter,document;default20,451,451,128,128,139,,105,True,
778,artifact_page,cached-production-formatter,root-default20,168,168,44,43,55,,44,True,
779,feature_template,cached-production-formatter,template,457,457,147,145,158,,91,True,
780,artifact_page,cached-production-formatter,root-default20,205,205,49,48,60,,49,True,
781,document_tree,cached-production-formatter,document;default20,451,451,130,131,141,,107,True,
782,evaluate,cached-production-formatter,evaluation,2010,2010,846,840,970,,778,False,
783,artifact_page,cached-production-formatter,root-default20,1759,1759,734,731,858,,734,False,
784,api_read,cached-production-formatter,features,546,546,178,172,189,,116,True,
785,artifact_page,cached-production-formatter,root-default20,293,293,68,67,79,,68,True,
786,element_tree,cached-production-formatter,assembly;default20,679,679,171,170,184,,148,True,
787,api_read,cached-production-formatter,assembly-definition,451,451,151,149,162,,93,True,
788,artifact_page,cached-production-formatter,root-default20,199,199,49,48,60,,49,True,
789,artifact_page,cached-production-formatter,root-default20,4437,4437,1067,1059,1150,,1067,False,
790,document_tree,cached-production-formatter,document;default20,4970,4970,1830,1805,1889,,653,False,10
791,api_read,cached-production-formatter,assembly-definition,451,451,151,149,162,,93,True,
792,artifact_page,cached-production-formatter,root-default20,199,199,49,48,60,,49,True,
793,api_read,cached-production-formatter,features,590,590,178,176,189,,120,True,
794,artifact_page,cached-production-formatter,root-default20,338,338,76,75,87,,76,True,
795,artifact_page,cached-production-formatter,root-default20,227,227,74,73,83,,74,False,
796,document_tree,cached-production-formatter,document;default20,4304,4304,1576,1554,1630,,580,False,9
797,evaluate,cached-production-formatter,evaluation,401,401,156,154,169,,93,False,
798,artifact_page,cached-production-formatter,root-default20,151,151,53,52,66,,53,False,
799,api_read,cached-production-formatter,mass/topology,1735,1735,744,734,767,,681,False,
800,artifact_page,cached-production-formatter,root-default20,1484,1484,642,635,665,,642,False,
801,element_tree,cached-production-formatter,assembly;default20,679,679,178,179,191,,155,True,
802,artifact_page,cached-production-formatter,root-default20,2935,2935,689,685,752,,689,False,
803,api_read,cached-production-formatter,mass/topology,1293,1293,605,603,630,,540,False,
804,artifact_page,cached-production-formatter,root-default20,1042,1042,499,496,524,,499,False,
805,native_state,cached-production-formatter,native-tree,458,458,154,152,165,,95,True,
806,artifact_page,cached-production-formatter,root-default20,206,206,50,49,61,,50,True,
807,api_read,cached-production-formatter,assembly-definition,451,451,153,149,164,,94,True,
808,artifact_page,cached-production-formatter,root-default20,199,199,49,48,60,,49,True,
809,artifact_page,cached-production-formatter,root-default20,371,371,135,131,150,,135,False,
810,api_write,cached-production-formatter,feature-response,530,530,183,177,194,,117,True,
811,artifact_page,cached-production-formatter,root-default20,278,278,65,64,76,,65,True,
812,document_tree,cached-production-formatter,document;default20,4970,4970,1833,1808,1892,,656,False,10
813,artifact_page,cached-production-formatter,root-default20,268,268,63,63,74,,63,True,
814,native_schema,cached-production-formatter,message-defaults,574,574,193,192,210,,132,False,
815,artifact_page,cached-production-formatter,root-default20,324,324,94,94,111,,94,False,
816,element_tree,cached-production-formatter,partstudio;default20,3647,3647,1214,1217,1286,,820,False,13
817,api_read,cached-production-formatter,features,590,590,188,188,199,,125,True,
818,artifact_page,cached-production-formatter,root-default20,338,338,76,75,87,,76,True,
819,native_write,cached-production-formatter,native-response,538,538,175,174,186,,113,False,
820,artifact_page,cached-production-formatter,root-default20,288,288,74,74,85,,74,False,
821,api_read,cached-production-formatter,features,546,546,182,180,193,,118,True,
822,artifact_page,cached-production-formatter,root-default20,293,293,68,67,79,,68,True,
823,api_read,cached-production-formatter,features,545,545,174,172,185,,114,True,
824,artifact_page,cached-production-formatter,root-default20,293,293,68,67,79,,68,True,
825,artifact_page,cached-production-formatter,root-default20,2239,2239,731,717,760,,731,False,
826,api_read,cached-production-formatter,assembly-definition,451,451,157,155,168,,96,True,
827,artifact_page,cached-production-formatter,root-default20,199,199,49,48,60,,49,True,
828,element_tree,cached-production-formatter,partstudio;default20,3977,3977,1329,1336,1406,,876,False,14
829,display_state,cached-production-formatter,default20,6642,6620,1787,1793,1865,,928,False,10
830,api_read,cached-production-formatter,mass/topology,1560,1560,700,699,724,,639,False,
831,artifact_page,cached-production-formatter,root-default20,1309,1309,602,600,626,,602,False,
832,api_read,cached-production-formatter,assembly-definition,451,451,149,149,160,,92,True,
833,artifact_page,cached-production-formatter,root-default20,199,199,49,48,60,,49,True,
834,artifact_page,cached-production-formatter,root-default20,1592,1592,346,338,390,,346,False,
835,api_read,cached-production-formatter,assembly-definition,451,451,153,151,164,,94,True,
836,artifact_page,cached-production-formatter,root-default20,199,199,49,48,60,,49,True,
837,api_read,cached-production-formatter,assembly-definition,451,451,159,157,170,,97,True,
838,artifact_page,cached-production-formatter,root-default20,199,199,49,48,60,,49,True,
839,api_read,cached-production-formatter,features,590,590,174,172,185,,118,True,
840,artifact_page,cached-production-formatter,root-default20,338,338,76,75,87,,76,True,
841,artifact_page,cached-production-formatter,root-default20,370,370,135,131,150,,135,False,
842,api_read,cached-production-formatter,features,545,545,173,171,184,,114,True,
843,artifact_page,cached-production-formatter,root-default20,293,293,68,67,79,,68,True,
844,api_read,cached-production-formatter,features,590,590,189,185,200,,126,True,
845,artifact_page,cached-production-formatter,root-default20,338,338,76,75,87,,76,True,
846,document_tree,cached-production-formatter,document;default20,4916,4916,1775,1748,1834,,640,False,10
847,api_read,cached-production-formatter,features,591,591,171,171,182,,117,True,
848,artifact_page,cached-production-formatter,root-default20,338,338,76,75,87,,76,True,
849,document_tree,cached-production-formatter,document;default20,451,451,138,137,149,,115,True,
850,api_read,cached-production-formatter,features,592,592,182,182,193,,123,True,
851,artifact_page,cached-production-formatter,root-default20,338,338,76,75,87,,76,True,
852,api_write,cached-production-formatter,feature-response,529,529,164,160,175,,108,True,
853,artifact_page,cached-production-formatter,root-default20,278,278,65,64,76,,65,True,
854,evaluate,cached-production-formatter,evaluation,430,430,177,178,190,,110,False,
855,artifact_page,cached-production-formatter,root-default20,180,180,65,65,78,,65,False,
856,artifact_page,cached-production-formatter,root-default20,451,451,160,155,178,,160,False,
857,artifact_page,cached-production-formatter,root-default20,277,277,71,69,88,,71,False,
858,artifact_page,cached-production-formatter,root-default20,733,733,194,194,217,,194,False,
859,api_read,cached-production-formatter,features,590,590,173,171,184,,118,True,
860,artifact_page,cached-production-formatter,root-default20,338,338,76,75,87,,76,True,
861,element_tree,cached-production-formatter,partstudio;default20,4331,4331,1459,1469,1541,,930,False,15
862,api_read,cached-production-formatter,features,590,590,179,175,190,,121,True,
863,artifact_page,cached-production-formatter,root-default20,338,338,76,75,87,,76,True,
864,element_tree,cached-production-formatter,assembly;default20,679,679,179,179,192,,156,True,
865,native_write,cached-production-formatter,native-response,538,538,190,188,201,,123,False,
866,artifact_page,cached-production-formatter,root-default20,288,288,78,77,89,,78,False,
867,api_read,cached-production-formatter,mass/topology,1563,1563,713,710,737,,649,False,
868,artifact_page,cached-production-formatter,root-default20,1312,1312,608,606,632,,608,False,
869,artifact_page,cached-production-formatter,root-default20,446,446,120,113,141,,120,False,
870,native_state,cached-production-formatter,native-tree,457,457,153,151,164,,95,True,
871,artifact_page,cached-production-formatter,root-default20,206,206,50,49,61,,50,True,
872,element_tree,cached-production-formatter,assembly;default20,678,678,179,179,192,,156,True,
873,api_read,cached-production-formatter,mass/topology,439,439,152,150,163,,94,True,
874,artifact_page,cached-production-formatter,root-default20,186,186,49,48,60,,49,True,
875,document_tree,cached-production-formatter,document;default20,5579,5579,2042,2012,2106,,713,False,11
876,native_write,cached-production-formatter,native-response,2323,2323,963,959,997,,900,False,
877,artifact_page,cached-production-formatter,root-default20,2072,2072,860,857,894,,860,False,
878,evaluate,cached-production-formatter,evaluation,509,509,223,221,246,,161,False,
879,artifact_page,cached-production-formatter,root-default20,259,259,121,120,144,,121,False,
880,artifact_page,cached-production-formatter,root-default20,255,255,67,67,78,,67,True,
881,artifact_page,cached-production-formatter,root-default20,884,884,234,217,260,,234,False,
882,api_write,cached-production-formatter,feature-response,1281,1281,430,435,453,,369,False,
883,artifact_page,cached-production-formatter,root-default20,1031,1031,330,334,353,,330,False,
884,artifact_page,cached-production-formatter,root-default20,830,830,201,198,225,,201,False,
885,evaluate,cached-production-formatter,evaluation,1019,1019,419,414,465,,352,False,
886,artifact_page,cached-production-formatter,root-default20,769,769,307,303,353,,307,False,
887,api_read,cached-production-formatter,features,590,590,185,183,196,,124,True,
888,artifact_page,cached-production-formatter,root-default20,338,338,76,75,87,,76,True,
889,artifact_page,cached-production-formatter,root-default20,2007,2007,466,464,513,,466,False,
890,api_read,cached-production-formatter,mass/topology,3340,3340,1479,1464,1519,,1412,False,
891,artifact_page,cached-production-formatter,root-default20,3089,3089,1368,1354,1408,,1368,False,
892,element_tree,cached-production-formatter,assembly;default20,679,679,176,175,189,,153,True,
893,api_read,cached-production-formatter,features,592,592,180,178,191,,122,True,
894,artifact_page,cached-production-formatter,root-default20,338,338,76,75,87,,76,True,
895,evaluate,cached-production-formatter,evaluation,548,548,204,201,220,,145,False,
896,artifact_page,cached-production-formatter,root-default20,298,298,108,106,124,,108,False,
897,api_read,cached-production-formatter,assembly-definition,451,451,146,144,157,,91,True,
898,artifact_page,cached-production-formatter,root-default20,199,199,49,48,60,,49,True,
899,evaluate,cached-production-formatter,evaluation,401,401,160,159,173,,96,False,
900,artifact_page,cached-production-formatter,root-default20,151,151,54,54,67,,54,False,
901,api_write,cached-production-formatter,feature-response,2981,2981,905,897,944,,843,False,
902,artifact_page,cached-production-formatter,root-default20,2730,2730,804,797,843,,804,False,
903,display_state,cached-production-formatter,default20,6673,6661,1862,1870,1941,,1019,False,10
904,set_visibility,cached-response-reconstruction,verified-batch,1925,1925,614,607,648,,119,False,
905,artifact_page,cached-production-formatter,root-default20,1283,1283,381,378,405,,381,False,
906,native_write,cached-production-formatter,native-response,5807,5807,1969,1940,2026,,1899,False,
907,artifact_page,cached-production-formatter,root-default20,5556,5556,1853,1827,1910,,1853,False,
908,element_tree,cached-production-formatter,partstudio;default20,3647,3647,1210,1213,1282,,816,False,13
909,api_read,cached-production-formatter,mass/topology,1743,1743,748,741,771,,681,False,
910,artifact_page,cached-production-formatter,root-default20,1492,1492,638,632,661,,638,False,
911,document_tree,cached-production-formatter,document;default20,5633,5633,2070,2042,2134,,723,False,11
912,api_read,cached-production-formatter,features,590,590,187,185,198,,125,True,
913,artifact_page,cached-production-formatter,root-default20,338,338,76,75,87,,76,True,
914,api_read,cached-production-formatter,features,590,590,185,183,196,,124,True,
915,artifact_page,cached-production-formatter,root-default20,338,338,76,75,87,,76,True,
916,feature,recorded-response,batch,370,370,122,122,134,,122,False,
917,artifact_page,cached-production-formatter,root-default20,408,408,134,133,146,,134,False,
918,document_tree,cached-production-formatter,document;default20,451,451,136,136,147,,113,True,
919,api_write,cached-production-formatter,feature-response,3169,3169,1096,1107,1141,,1029,False,
920,artifact_page,cached-production-formatter,root-default20,2918,2918,986,998,1031,,986,False,
921,evaluate,cached-production-formatter,evaluation,373,373,151,149,161,,86,False,
922,artifact_page,cached-production-formatter,root-default20,124,124,44,43,54,,44,False,
923,api_read,cached-production-formatter,features,1329,1329,447,450,472,,387,False,
924,artifact_page,cached-production-formatter,root-default20,1078,1078,350,355,375,,350,False,
925,display_state,cached-production-formatter,default20,6783,6771,1908,1915,1988,,1065,False,10
926,api_read,cached-production-formatter,features,546,546,175,173,186,,115,True,
927,artifact_page,cached-production-formatter,root-default20,293,293,68,67,79,,68,True,
928,artifact_page,cached-production-formatter,root-default20,168,168,44,43,55,,44,True,
929,artifact_page,cached-production-formatter,root-default20,917,917,240,229,266,,240,False,
930,document_tree,cached-production-formatter,document;default20,2964,2960,1114,1105,1145,,378,False,5
931,native_write,cached-production-formatter,native-response,2250,2250,944,935,980,,880,False,
932,artifact_page,cached-production-formatter,root-default20,1999,1999,840,832,876,,840,False,
933,document_tree,cached-production-formatter,document;default20,4304,4304,1575,1553,1629,,579,False,9
934,evaluate,cached-production-formatter,evaluation,498,498,180,176,195,,119,False,
935,artifact_page,cached-production-formatter,root-default20,248,248,80,79,95,,80,False,
936,api_read,cached-production-formatter,features,590,590,175,171,186,,119,True,
937,artifact_page,cached-production-formatter,root-default20,338,338,76,75,87,,76,True,
938,document_tree,cached-production-formatter,document;default20,3253,3249,1208,1205,1245,,436,False,6
939,artifact_page,cached-production-formatter,root-default20,858,858,264,262,274,,264,False,
940,artifact_page,cached-production-formatter,root-default20,532,532,184,178,205,,184,False,
941,artifact_page,cached-production-formatter,root-default20,168,168,44,43,55,,44,True,
942,element_tree,cached-production-formatter,assembly;default20,679,679,177,177,190,,154,True,
943,artifact_page,cached-production-formatter,root-default20,2293,2293,532,528,585,,532,False,
944,api_read,cached-production-formatter,mass/topology,5787,5787,2679,2662,2748,,2617,False,
945,artifact_page,cached-production-formatter,root-default20,5536,5536,2578,2562,2647,,2578,False,
946,element_tree,cached-production-formatter,partstudio;default20,4704,4704,1591,1602,1678,,991,False,16
947,feature_template,cached-production-formatter,template,457,457,152,150,163,,94,True,
948,artifact_page,cached-production-formatter,root-default20,205,205,49,48,60,,49,True,
949,element_tree,cached-production-formatter,partstudio;default20,4331,4331,1465,1476,1547,,936,False,15
950,evaluate,cached-production-formatter,evaluation,985,985,395,389,432,,332,False,
951,artifact_page,cached-production-formatter,root-default20,735,735,291,288,328,,291,False,
952,element_tree,cached-production-formatter,assembly;default20,679,679,178,178,191,,155,True,
953,evaluate,cached-production-formatter,evaluation,425,425,143,141,154,,87,True,
954,artifact_page,cached-production-formatter,root-default20,173,173,44,43,55,,44,True,
955,api_read,cached-production-formatter,assembly-definition,451,451,164,164,175,,100,True,
956,artifact_page,cached-production-formatter,root-default20,199,199,49,48,60,,49,True,
957,document_tree,cached-production-formatter,document;default20,451,451,143,143,154,,120,True,
958,evaluate,cached-production-formatter,evaluation,409,409,157,151,170,,96,False,
959,artifact_page,cached-production-formatter,root-default20,159,159,57,56,70,,57,False,
960,element_tree,cached-production-formatter,partstudio;default20,3647,3647,1212,1214,1284,,818,False,13
961,element_tree,cached-production-formatter,partstudio;default20,3976,3976,1322,1328,1399,,869,False,14
962,feature_template,cached-production-formatter,template,457,457,164,162,175,,100,True,
963,artifact_page,cached-production-formatter,root-default20,205,205,49,48,60,,49,True,
964,artifact_page,cached-production-formatter,root-default20,290,290,110,107,122,,110,False,
965,api_read,cached-production-formatter,assembly-definition,451,451,166,164,177,,101,True,
966,artifact_page,cached-production-formatter,root-default20,199,199,49,48,60,,49,True,
967,feature_template,cached-production-formatter,template,3470,3470,976,954,1028,,915,False,
968,artifact_page,cached-production-formatter,root-default20,3219,3219,877,854,929,,877,False,
969,native_state,cached-production-formatter,native-tree,458,458,155,153,166,,96,True,
970,artifact_page,cached-production-formatter,root-default20,206,206,50,49,61,,50,True,
971,artifact_page,cached-production-formatter,root-default20,290,290,109,106,121,,109,False,
972,api_read,cached-production-formatter,mass/topology,439,439,163,161,174,,99,True,
973,artifact_page,cached-production-formatter,root-default20,186,186,49,48,60,,49,True,
974,api_read,cached-production-formatter,features,590,590,183,181,194,,123,True,
975,artifact_page,cached-production-formatter,root-default20,338,338,76,75,87,,76,True,
976,native_write,cached-production-formatter,native-response,4640,4640,1566,1546,1613,,1505,False,
977,artifact_page,cached-production-formatter,root-default20,4389,4389,1467,1448,1514,,1467,False,
978,artifact_page,cached-production-formatter,root-default20,283,283,107,103,119,,107,False,
979,element_tree,cached-production-formatter,assembly;default20,679,679,171,171,184,,148,True,
980,native_write,cached-production-formatter,native-response,449,449,148,146,159,,91,True,
981,artifact_page,cached-production-formatter,root-default20,198,198,48,47,59,,48,True,
982,artifact_page,cached-production-formatter,root-default20,790,790,200,186,229,,200,False,
983,api_read,cached-production-formatter,features,590,590,174,170,185,,118,True,
984,artifact_page,cached-production-formatter,root-default20,338,338,76,75,87,,76,True,
985,artifact_page,cached-production-formatter,root-default20,283,283,106,103,118,,106,False,
986,native_write,cached-production-formatter,native-response,6838,6838,2316,2282,2387,,2254,False,
987,artifact_page,cached-production-formatter,root-default20,6587,6587,2216,2183,2287,,2216,False,
988,artifact_page,cached-production-formatter,root-default20,378,378,137,133,152,,137,False,
989,evaluate,cached-production-formatter,evaluation,425,425,152,146,163,,91,True,
990,artifact_page,cached-production-formatter,root-default20,173,173,44,43,55,,44,True,
991,api_read,cached-production-formatter,features,590,590,170,168,181,,116,True,
992,artifact_page,cached-production-formatter,root-default20,338,338,76,75,87,,76,True,
993,evaluate,cached-production-formatter,evaluation,1095,1095,415,404,445,,347,False,
994,artifact_page,cached-production-formatter,root-default20,845,845,302,292,332,,302,False,
995,api_read,cached-production-formatter,mass/topology,1740,1740,749,741,772,,685,False,
996,artifact_page,cached-production-formatter,root-default20,1489,1489,644,637,667,,644,False,
997,api_read,cached-production-formatter,mass/topology,1746,1746,736,729,759,,676,False,
998,artifact_page,cached-production-formatter,root-default20,1495,1495,639,631,662,,639,False,
999,evaluate,cached-production-formatter,evaluation,386,386,143,141,153,,82,False,
1000,artifact_page,cached-production-formatter,root-default20,137,137,43,42,53,,43,False,
1001,api_read,cached-production-formatter,features,545,545,171,169,182,,113,True,
1002,artifact_page,cached-production-formatter,root-default20,293,293,68,67,79,,68,True,
1003,api_write,cached-production-formatter,feature-response,3124,3124,1026,1036,1073,,964,False,
1004,artifact_page,cached-production-formatter,root-default20,2873,2873,925,936,972,,925,False,
1005,document_tree,cached-production-formatter,document;default20,6937,6937,2577,2544,2648,,859,False,13
1006,api_read,cached-production-formatter,assembly-definition,451,451,154,154,165,,95,True,
1007,artifact_page,cached-production-formatter,root-default20,199,199,49,48,60,,49,True,
1008,element_tree,cached-production-formatter,assembly;default20,679,679,181,181,194,,158,True,
1009,artifact_page,cached-production-formatter,root-default20,290,290,110,107,122,,110,False,
1010,api_read,cached-production-formatter,features,592,592,184,182,195,,124,True,
1011,artifact_page,cached-production-formatter,root-default20,338,338,76,75,87,,76,True,
1012,api_read,cached-production-formatter,assembly-definition,451,451,152,150,163,,94,True,
1013,artifact_page,cached-production-formatter,root-default20,199,199,49,48,60,,49,True,
1014,native_schema,cached-production-formatter,message-defaults,863,863,280,275,297,,210,False,
1015,artifact_page,cached-production-formatter,root-default20,613,613,162,160,179,,162,False,
1016,document_tree,cached-production-formatter,document;default20,451,451,137,137,148,,114,True,
1017,display_state,cached-production-formatter,default20,6677,6665,1865,1873,1944,,1021,False,10
1018,api_write,cached-production-formatter,feature-response,529,529,170,168,181,,111,True,
1019,artifact_page,cached-production-formatter,root-default20,278,278,65,64,76,,65,True,
1020,api_read,cached-production-formatter,mass/topology,1754,1754,743,735,766,,682,False,
1021,artifact_page,cached-production-formatter,root-default20,1503,1503,644,637,667,,644,False,
1022,api_write,cached-production-formatter,feature-response,3907,3907,1170,1183,1229,,1105,False,
1023,artifact_page,cached-production-formatter,root-default20,3656,3656,1063,1077,1122,,1063,False,
1024,api_read,cached-production-formatter,mass/topology,438,438,154,152,165,,95,True,
1025,artifact_page,cached-production-formatter,root-default20,186,186,49,48,60,,49,True,
1026,artifact_page,cached-production-formatter,root-default20,2171,2171,730,716,757,,730,False,
1027,artifact_page,cached-production-formatter,root-default20,2522,2518,767,758,887,,767,False,
1028,api_read,cached-production-formatter,mass/topology,1743,1743,742,734,765,,678,False,
1029,artifact_page,cached-production-formatter,root-default20,1492,1492,637,630,660,,637,False,
1030,element_tree,cached-production-formatter,partstudio;default20,3647,3647,1211,1215,1283,,817,False,13
1031,native_write,cached-production-formatter,native-response,4029,4025,1379,1366,1414,,1314,False,
1032,artifact_page,cached-production-formatter,root-default20,3778,3774,1272,1260,1307,,1272,False,
1033,api_read,cached-production-formatter,assembly-definition,451,451,154,152,165,,95,True,
1034,artifact_page,cached-production-formatter,root-default20,199,199,49,48,60,,49,True,
1035,api_read,cached-production-formatter,features,6277,6277,2015,2023,2098,,1952,False,
1036,artifact_page,cached-production-formatter,root-default20,6026,6026,1912,1921,1995,,1912,False,
1037,document_tree,cached-production-formatter,document;default20,451,451,132,132,143,,109,True,
1038,api_read,cached-production-formatter,features,546,546,173,173,184,,114,True,
1039,artifact_page,cached-production-formatter,root-default20,293,293,68,67,79,,68,True,
1040,artifact_page,cached-production-formatter,root-default20,148,148,38,37,49,,38,True,
1041,api_read,cached-production-formatter,assembly-definition,451,451,160,158,171,,98,True,
1042,artifact_page,cached-production-formatter,root-default20,199,199,49,48,60,,49,True,
1043,api_read,cached-production-formatter,features,590,590,181,179,192,,122,True,
1044,artifact_page,cached-production-formatter,root-default20,338,338,76,75,87,,76,True,
1045,element_tree,cached-production-formatter,partstudio;default20,3647,3647,1212,1215,1284,,818,False,13
1046,api_write,cached-production-formatter,feature-response,6973,6973,2053,2054,2151,,1985,False,
1047,artifact_page,cached-production-formatter,root-default20,6722,6722,1941,1946,2039,,1941,False,
1048,api_read,cached-production-formatter,features,590,590,180,177,191,,121,True,
1049,artifact_page,cached-production-formatter,root-default20,338,338,76,75,87,,76,True,
1050,api_read,cached-production-formatter,features,546,546,172,169,183,,113,True,
1051,artifact_page,cached-production-formatter,root-default20,293,293,68,67,79,,68,True,
1052,artifact_page,cached-production-formatter,root-default20,691,691,175,173,198,,175,False,
1053,artifact_page,cached-production-formatter,root-default20,532,530,149,147,158,,149,False,
1054,evaluate,cached-production-formatter,evaluation,846,846,311,302,333,,247,False,
1055,artifact_page,cached-production-formatter,root-default20,596,596,206,198,228,,206,False,
1056,api_read,cached-production-formatter,features,591,591,186,185,197,,124,True,
1057,artifact_page,cached-production-formatter,root-default20,338,338,76,75,87,,76,True,
1058,document_tree,cached-production-formatter,document;default20,7233,7233,2633,2601,2710,,917,False,14
1059,api_write,cached-production-formatter,feature-response,529,529,169,167,180,,110,True,
1060,artifact_page,cached-production-formatter,root-default20,278,278,65,64,76,,65,True,
1061,native_write,cached-production-formatter,native-response,6203,6203,2095,2070,2156,,2033,False,
1062,artifact_page,cached-production-formatter,root-default20,5952,5952,1995,1971,2056,,1995,False,
1063,artifact_page,cached-production-formatter,root-default20,286,286,69,67,82,,69,False,
1064,artifact_page,cached-production-formatter,root-default20,3119,3119,716,708,775,,716,False,
1065,artifact_page,cached-production-formatter,root-default20,2171,2171,743,728,770,,743,False,
1066,api_write,cached-production-formatter,feature-response,974,972,322,320,336,,259,False,
1067,artifact_page,cached-production-formatter,root-default20,724,722,218,219,232,,218,False,
1068,native_schema,cached-production-formatter,message-defaults,484,484,169,166,183,,104,False,
1069,artifact_page,cached-production-formatter,root-default20,234,234,62,61,76,,62,False,
1070,artifact_page,cached-production-formatter,root-default20,496,496,115,112,133,,115,False,
1071,artifact_page,cached-production-formatter,root-default20,169,169,52,50,64,,52,False,
1072,element_tree,cached-production-formatter,assembly;default20,679,679,174,174,187,,151,True,
1073,api_write,cached-production-formatter,feature-response,530,530,159,158,170,,105,True,
1074,artifact_page,cached-production-formatter,root-default20,278,278,65,64,76,,65,True,
1075,api_read,cached-production-formatter,assembly-definition,451,451,153,151,164,,94,True,
1076,artifact_page,cached-production-formatter,root-default20,199,199,49,48,60,,49,True,
1077,artifact_page,cached-production-formatter,root-default20,148,148,38,37,49,,38,True,
1078,evaluate,cached-production-formatter,evaluation,400,400,144,141,157,,86,False,
1079,artifact_page,cached-production-formatter,root-default20,150,150,50,49,63,,50,False,
1080,artifact_page,cached-production-formatter,root-default20,168,168,44,43,55,,44,True,
1081,evaluate,cached-production-formatter,evaluation,988,988,351,341,376,,288,False,
1082,artifact_page,cached-production-formatter,root-default20,738,738,248,239,273,,248,False,
1083,native_write,cached-production-formatter,native-response,5942,5942,1993,1964,2054,,1929,False,
1084,artifact_page,cached-production-formatter,root-default20,5691,5691,1889,1863,1950,,1889,False,
1085,element_tree,cached-production-formatter,assembly;default20,3769,3769,1239,1224,1316,,783,False,7
1086,artifact_page,cached-production-formatter,root-default20,2609,2609,861,842,900,,861,False,
1087,api_write,cached-production-formatter,feature-response,3742,3742,1072,1094,1131,,1009,False,
1088,artifact_page,cached-production-formatter,root-default20,3491,3491,970,993,1029,,970,False,
1089,api_read,cached-production-formatter,features,591,591,174,172,185,,118,True,
1090,artifact_page,cached-production-formatter,root-default20,338,338,76,75,87,,76,True,
1091,api_read,cached-production-formatter,features,546,546,178,176,189,,116,True,
1092,artifact_page,cached-production-formatter,root-default20,293,293,68,67,79,,68,True,
1093,evaluate,cached-production-formatter,evaluation,427,427,169,168,182,,107,False,
1094,artifact_page,cached-production-formatter,root-default20,177,177,67,67,80,,67,False,
1095,artifact_page,cached-production-formatter,root-default20,1803,1803,586,574,611,,586,False,
1096,api_write,cached-production-formatter,feature-response,3754,3754,1099,1112,1158,,1033,False,
1097,artifact_page,cached-production-formatter,root-default20,3503,3503,990,1004,1049,,990,False,
1098,element_tree,cached-production-formatter,partstudio;default20,4273,4273,1438,1448,1520,,925,False,15
1099,api_read,cached-production-formatter,assembly-definition,451,451,164,162,175,,100,True,
1100,artifact_page,cached-production-formatter,root-default20,199,199,49,48,60,,49,True,
1101,artifact_page,cached-production-formatter,root-default20,451,451,160,155,178,,160,False,
1102,evaluate,cached-production-formatter,evaluation,1621,1621,546,528,596,,481,False,
1103,artifact_page,cached-production-formatter,root-default20,1370,1370,439,424,489,,439,False,
1104,api_read,cached-production-formatter,features,2085,2085,612,618,647,,547,False,
1105,artifact_page,cached-production-formatter,root-default20,1834,1834,505,512,540,,505,False,
1106,display_state,cached-production-formatter,default20,6673,6661,1864,1873,1943,,1021,False,10
1107,artifact_page,cached-production-formatter,root-default20,452,452,160,155,178,,160,False,
1108,artifact_page,cached-production-formatter,root-default20,148,148,38,37,49,,38,True,
1109,native_state,cached-production-formatter,native-tree,458,458,149,147,160,,93,True,
1110,artifact_page,cached-production-formatter,root-default20,206,206,50,49,61,,50,True,
1111,api_read,cached-production-formatter,features,590,590,177,175,188,,120,True,
1112,artifact_page,cached-production-formatter,root-default20,338,338,76,75,87,,76,True,
1113,api_write,cached-production-formatter,feature-response,3052,3050,946,947,996,,881,False,
1114,artifact_page,cached-production-formatter,root-default20,2801,2799,839,841,889,,839,False,
1115,document_tree,cached-production-formatter,document;default20,6929,6929,2560,2518,2631,,853,False,13
1116,api_read,cached-production-formatter,features,592,592,174,170,185,,119,True,
1117,artifact_page,cached-production-formatter,root-default20,338,338,76,75,87,,76,True,
1118,element_tree,cached-production-formatter,partstudio;default20,3977,3977,1325,1331,1402,,872,False,14
1119,api_read,cached-production-formatter,mass/topology,439,439,154,152,165,,95,True,
1120,artifact_page,cached-production-formatter,root-default20,186,186,49,48,60,,49,True,
1121,artifact_page,cached-production-formatter,root-default20,410,410,109,103,128,,109,False,
1122,api_read,cached-production-formatter,features,590,590,177,175,188,,120,True,
1123,artifact_page,cached-production-formatter,root-default20,338,338,76,75,87,,76,True,
1124,api_read,cached-production-formatter,features,592,592,188,186,199,,126,True,
1125,artifact_page,cached-production-formatter,root-default20,338,338,76,75,87,,76,True,
1126,artifact_page,cached-production-formatter,root-default20,2005,2005,465,460,516,,465,False,
1127,api_read,cached-production-formatter,assembly-definition,451,451,158,156,169,,97,True,
1128,artifact_page,cached-production-formatter,root-default20,199,199,49,48,60,,49,True,
1129,artifact_page,cached-production-formatter,root-default20,996,996,284,273,311,,284,False,
1130,api_write,cached-production-formatter,feature-response,530,530,174,170,185,,113,True,
1131,artifact_page,cached-production-formatter,root-default20,278,278,65,64,76,,65,True,
1132,api_read,cached-production-formatter,mass/topology,439,439,162,160,173,,99,True,
1133,artifact_page,cached-production-formatter,root-default20,186,186,49,48,60,,49,True,
1134,document_tree,cached-production-formatter,document;default20,4057,4057,1488,1459,1536,,527,False,8
1135,api_write,cached-production-formatter,feature-response,529,529,166,164,177,,109,True,
1136,artifact_page,cached-production-formatter,root-default20,278,278,65,64,76,,65,True,
1137,api_read,cached-production-formatter,features,592,592,175,173,186,,119,True,
1138,artifact_page,cached-production-formatter,root-default20,338,338,76,75,87,,76,True,
1139,api_write,cached-production-formatter,feature-response,1284,1284,423,425,446,,362,False,
1140,artifact_page,cached-production-formatter,root-default20,1034,1034,324,329,347,,324,False,
1141,api_read,cached-production-formatter,features,590,590,177,175,188,,120,True,
1142,artifact_page,cached-production-formatter,root-default20,338,338,76,75,87,,76,True,
1143,native_write,cached-production-formatter,native-response,538,538,186,185,197,,120,False,
1144,artifact_page,cached-production-formatter,root-default20,288,288,76,76,87,,76,False,
1145,api_read,cached-production-formatter,mass/topology,3387,3387,1519,1501,1558,,1455,False,
1146,artifact_page,cached-production-formatter,root-default20,3136,3136,1415,1399,1454,,1415,False,
1147,element_tree,cached-production-formatter,partstudio;default20,4352,4352,1444,1454,1526,,922,False,15
1148,api_write,cached-production-formatter,feature-response,3906,3906,1170,1181,1229,,1110,False,
1149,artifact_page,cached-production-formatter,root-default20,3655,3655,1073,1085,1132,,1073,False,
1150,api_read,cached-production-formatter,mass/topology,5814,5814,2705,2688,2774,,2634,False,
1151,artifact_page,cached-production-formatter,root-default20,5563,5563,2586,2570,2655,,2586,False,
1152,api_write,cached-production-formatter,feature-response,4170,4167,1279,1280,1352,,1220,False,
1153,artifact_page,cached-production-formatter,root-default20,3919,3916,1184,1186,1257,,1184,False,
1154,evaluate,cached-production-formatter,evaluation,424,424,147,143,158,,89,True,
1155,artifact_page,cached-production-formatter,root-default20,173,173,44,43,55,,44,True,
1156,api_read,cached-production-formatter,features,589,589,167,165,178,,115,True,
1157,artifact_page,cached-production-formatter,root-default20,338,338,76,75,87,,76,True,
1158,artifact_page,cached-production-formatter,root-default20,264,264,62,61,73,,62,True,
1159,document_tree,cached-production-formatter,document;default20,6929,6929,2563,2520,2634,,856,False,13
1160,artifact_page,cached-production-formatter,root-default20,846,846,224,222,249,,224,False,
1161,feature_template,cached-production-formatter,template,457,457,148,146,159,,92,True,
1162,artifact_page,cached-production-formatter,root-default20,205,205,49,48,60,,49,True,
1163,artifact_page,cached-production-formatter,root-default20,370,370,130,126,145,,130,False,
1164,artifact_page,cached-production-formatter,root-default20,268,268,63,63,74,,63,True,
1165,artifact_page,cached-production-formatter,root-default20,289,289,109,106,121,,109,False,
1166,document_tree,cached-production-formatter,document;default20,2350,2348,871,864,897,,306,False,4
1167,api_read,cached-production-formatter,features,591,591,183,181,194,,123,True,
1168,artifact_page,cached-production-formatter,root-default20,338,338,76,75,87,,76,True,
1169,api_read,cached-production-formatter,mass/topology,3397,3397,1546,1531,1585,,1482,False,
1170,artifact_page,cached-production-formatter,root-default20,3146,3146,1441,1427,1480,,1441,False,
1171,display_state,cached-production-formatter,default20,6783,6771,1911,1918,1991,,1068,False,10
1172,set_visibility,cached-response-reconstruction,verified-batch,810,806,289,287,304,,125,False,
1173,api_write,cached-production-formatter,feature-response,529,529,170,168,181,,111,True,
1174,artifact_page,cached-production-formatter,root-default20,278,278,65,64,76,,65,True,
1175,api_read,cached-production-formatter,assembly-definition,451,451,162,160,173,,99,True,
1176,artifact_page,cached-production-formatter,root-default20,199,199,49,48,60,,49,True,
1177,artifact_page,cached-production-formatter,root-default20,836,836,222,219,246,,222,False,
1178,feature_template,cached-production-formatter,template,457,457,158,156,169,,97,True,
1179,artifact_page,cached-production-formatter,root-default20,205,205,49,48,60,,49,True,
1180,artifact_page,cached-production-formatter,root-default20,270,270,70,68,87,,70,False,
1181,api_read,cached-production-formatter,mass/topology,1277,1277,584,579,608,,519,False,
1182,artifact_page,cached-production-formatter,root-default20,1027,1027,476,474,500,,476,False,
1183,api_write,cached-production-formatter,feature-response,6960,6960,2043,2037,2141,,1979,False,
1184,artifact_page,cached-production-formatter,root-default20,6709,6709,1938,1935,2036,,1938,False,
1185,api_write,cached-production-formatter,feature-response,6960,6960,2046,2046,2144,,1980,False,
1186,artifact_page,cached-production-formatter,root-default20,6709,6709,1937,1940,2035,,1937,False,
1187,artifact_page,cached-production-formatter,root-default20,2607,2607,886,877,917,,886,False,
1188,evaluate,cached-production-formatter,evaluation,419,419,176,174,187,,106,False,
1189,artifact_page,cached-production-formatter,root-default20,169,169,58,57,69,,58,False,
1190,artifact_page,cached-production-formatter,root-default20,452,452,160,155,178,,160,False,
1191,api_write,cached-production-formatter,feature-response,6961,6961,2046,2055,2144,,1982,False,
1192,artifact_page,cached-production-formatter,root-default20,6710,6710,1941,1951,2039,,1941,False,
1193,evaluate,cached-production-formatter,evaluation,475,475,168,166,181,,107,False,
1194,artifact_page,cached-production-formatter,root-default20,225,225,68,67,81,,68,False,
1195,artifact_page,cached-production-formatter,root-default20,938,938,230,228,248,,230,False,
1196,document_tree,cached-production-formatter,document;default20,451,451,138,137,149,,115,True,
1197,evaluate,cached-production-formatter,evaluation,402,402,162,158,175,,98,False,
1198,artifact_page,cached-production-formatter,root-default20,152,152,56,55,69,,56,False,
1199,api_write,cached-production-formatter,feature-response,977,975,330,330,344,,266,False,
1200,artifact_page,cached-production-formatter,root-default20,727,725,224,225,238,,224,False,
1201,document_tree,cached-production-formatter,document;default20,451,451,137,136,148,,114,True,
1202,api_read,cached-production-formatter,assembly-definition,451,451,156,154,167,,96,True,
1203,artifact_page,cached-production-formatter,root-default20,199,199,49,48,60,,49,True,
1204,display_state,cached-production-formatter,default20,6783,6771,1907,1914,1987,,1064,False,10
1205,api_write,cached-production-formatter,feature-response,529,529,174,174,185,,113,True,
1206,artifact_page,cached-production-formatter,root-default20,278,278,65,64,76,,65,True,
1207,native_write,cached-production-formatter,native-response,450,450,149,147,160,,92,True,
1208,artifact_page,cached-production-formatter,root-default20,198,198,48,47,59,,48,True,
1209,artifact_page,cached-production-formatter,root-default20,148,148,38,37,49,,38,True,
1210,document_tree,cached-production-formatter,document;default20,451,451,139,139,150,,116,True,
1211,api_read,cached-production-formatter,features,546,546,181,179,192,,118,True,
1212,artifact_page,cached-production-formatter,root-default20,293,293,68,67,79,,68,True,
1213,evaluate,cached-production-formatter,evaluation,675,675,241,238,254,,178,False,
1214,artifact_page,cached-production-formatter,root-default20,425,425,137,135,150,,137,False,
1215,document_tree,cached-production-formatter,document;default20,451,451,139,139,150,,116,True,
1216,document_tree,cached-production-formatter,document;default20,451,451,136,136,147,,113,True,
1217,api_read,cached-production-formatter,features,592,592,176,172,187,,120,True,
1218,artifact_page,cached-production-formatter,root-default20,338,338,76,75,87,,76,True,
1219,artifact_page,cached-production-formatter,root-default20,1803,1803,604,591,629,,604,False,
1220,element_tree,cached-production-formatter,partstudio;default20,3647,3647,1210,1215,1282,,816,False,13
1221,document_tree,cached-production-formatter,document;default20,451,451,129,129,140,,106,True,
1222,api_write,cached-production-formatter,feature-response,529,529,182,180,193,,117,True,
1223,artifact_page,cached-production-formatter,root-default20,278,278,65,64,76,,65,True,
1224,artifact_page,cached-production-formatter,root-default20,1283,1283,404,400,428,,404,False,
1225,api_read,cached-production-formatter,features,592,592,187,185,198,,125,True,
1226,artifact_page,cached-production-formatter,root-default20,338,338,76,75,87,,76,True,
1227,element_tree,cached-production-formatter,partstudio;default20,3977,3977,1320,1327,1397,,867,False,14
1228,api_read,cached-production-formatter,features,546,546,172,170,183,,113,True,
1229,artifact_page,cached-production-formatter,root-default20,293,293,68,67,79,,68,True,
1230,api_read,cached-production-formatter,mass/topology,440,440,138,136,149,,87,True,
1231,evaluate,cached-production-formatter,evaluation,1275,1275,521,513,567,,453,False,
1232,artifact_page,cached-production-formatter,root-default20,1025,1025,408,399,454,,408,False,
1233,api_write,cached-production-formatter,feature-response,529,529,186,182,197,,119,True,
1234,artifact_page,cached-production-formatter,root-default20,278,278,65,64,76,,65,True,
1235,element_tree,cached-production-formatter,partstudio;default20,4273,4273,1437,1447,1519,,924,False,15
1236,native_state,cached-production-formatter,native-tree,458,458,149,147,160,,93,True,
1237,artifact_page,cached-production-formatter,root-default20,206,206,50,49,61,,50,True,
1238,feature_template,cached-production-formatter,template,457,457,154,152,165,,95,True,
1239,artifact_page,cached-production-formatter,root-default20,205,205,49,48,60,,49,True,
1240,api_write,cached-production-formatter,feature-response,6960,6960,2044,2050,2142,,1980,False,
1241,artifact_page,cached-production-formatter,root-default20,6709,6709,1939,1946,2037,,1939,False,
1242,api_read,cached-production-formatter,assembly-definition,451,451,145,145,156,,90,True,
1243,artifact_page,cached-production-formatter,root-default20,199,199,49,48,60,,49,True,
1244,api_read,cached-production-formatter,assembly-definition,451,451,163,161,174,,99,True,
1245,artifact_page,cached-production-formatter,root-default20,199,199,49,48,60,,49,True,
1246,document_tree,cached-production-formatter,document;default20,451,451,132,132,143,,109,True,
1247,api_read,cached-production-formatter,features,590,590,186,184,197,,124,True,
1248,artifact_page,cached-production-formatter,root-default20,338,338,76,75,87,,76,True,
1249,native_state,cached-production-formatter,native-tree,458,458,154,152,165,,95,True,
1250,artifact_page,cached-production-formatter,root-default20,206,206,50,49,61,,50,True,
1251,evaluate,cached-production-formatter,evaluation,445,445,192,188,208,,128,False,
1252,artifact_page,cached-production-formatter,root-default20,195,195,87,84,103,,87,False,
1253,display_state,cached-production-formatter,default20,6673,6661,1865,1873,1944,,1022,False,10
1254,set_visibility,cached-response-reconstruction,verified-batch,1915,1915,624,615,658,,126,False,
1255,api_read,cached-production-formatter,assembly-definition,451,451,151,147,162,,93,True,
1256,artifact_page,cached-production-formatter,root-default20,199,199,49,48,60,,49,True,
1257,api_read,cached-production-formatter,assembly-definition,451,451,159,157,170,,97,True,
1258,artifact_page,cached-production-formatter,root-default20,199,199,49,48,60,,49,True,
1259,document_tree,cached-production-formatter,document;default20,451,451,137,136,148,,114,True,
1260,artifact_page,cached-production-formatter,root-default20,271,271,70,70,81,,70,True,
1261,api_read,cached-production-formatter,mass/topology,1293,1293,604,601,628,,538,False,
1262,artifact_page,cached-production-formatter,root-default20,1042,1042,496,494,520,,496,False,
1263,feature,recorded-response,batch,382,382,125,126,137,,125,False,
1264,artifact_page,cached-production-formatter,root-default20,420,420,137,137,149,,137,False,
1265,native_write,cached-production-formatter,native-response,538,538,177,179,188,,117,False,
1266,artifact_page,cached-production-formatter,root-default20,288,288,80,81,91,,80,False,
1267,feature_template,cached-production-formatter,template,458,458,155,154,166,,95,True,
1268,artifact_page,cached-production-formatter,root-default20,205,205,49,48,60,,49,True,
1269,document_tree,cached-production-formatter,document;default20,451,451,131,131,142,,108,True,
1270,feature_template,cached-production-formatter,template,457,457,153,151,164,,94,True,
1271,artifact_page,cached-production-formatter,root-default20,205,205,49,48,60,,49,True,
1272,artifact_page,cached-production-formatter,root-default20,2239,2239,741,734,770,,741,False,
1273,api_read,cached-production-formatter,features,545,545,173,171,184,,114,True,
1274,artifact_page,cached-production-formatter,root-default20,293,293,68,67,79,,68,True,
1275,api_read,cached-production-formatter,features,591,591,183,181,194,,123,True,
1276,artifact_page,cached-production-formatter,root-default20,338,338,76,75,87,,76,True,
1277,api_write,cached-production-formatter,feature-response,530,530,176,176,187,,114,True,
1278,artifact_page,cached-production-formatter,root-default20,278,278,65,64,76,,65,True,
1279,artifact_page,cached-production-formatter,root-default20,2241,2241,710,693,747,,710,False,
1280,artifact_page,cached-production-formatter,root-default20,370,370,135,131,150,,135,False,
1281,artifact_page,cached-production-formatter,root-default20,512,512,133,121,154,,133,False,
1282,api_read,cached-production-formatter,mass/topology,1277,1277,583,577,608,,519,False,
1283,artifact_page,cached-production-formatter,root-default20,1027,1027,477,474,502,,477,False,
1284,artifact_page,cached-production-formatter,root-default20,2885,2885,662,657,720,,662,False,
1285,document_tree,cached-production-formatter,document;default20,2966,2962,1091,1082,1122,,372,False,5
1286,api_read,cached-production-formatter,features,590,590,185,183,196,,124,True,
1287,artifact_page,cached-production-formatter,root-default20,338,338,76,75,87,,76,True,
1288,api_write,cached-production-formatter,feature-response,529,529,172,170,183,,112,True,
1289,artifact_page,cached-production-formatter,root-default20,278,278,65,64,76,,65,True,
1290,api_read,cached-production-formatter,assembly-definition,451,451,152,150,163,,94,True,
1291,artifact_page,cached-production-formatter,root-default20,199,199,49,48,60,,49,True,
1292,api_write,cached-production-formatter,feature-response,529,529,166,164,177,,109,True,
1293,artifact_page,cached-production-formatter,root-default20,278,278,65,64,76,,65,True,
1294,element_tree,cached-production-formatter,partstudio;default20,3966,3966,1323,1328,1400,,870,False,14
1295,element_tree,cached-production-formatter,partstudio;default20,454,454,137,135,148,,114,True,
1296,native_write,cached-production-formatter,native-response,538,538,177,176,188,,117,False,
1297,artifact_page,cached-production-formatter,root-default20,288,288,79,79,90,,79,False,
1298,api_write,cached-production-formatter,feature-response,6961,6961,2031,2034,2129,,1972,False,
1299,artifact_page,cached-production-formatter,root-default20,6710,6710,1936,1940,2034,,1936,False,
1300,api_read,cached-production-formatter,mass/topology,1560,1560,718,715,742,,653,False,
1301,artifact_page,cached-production-formatter,root-default20,1309,1309,611,609,635,,611,False,
1302,api_write,cached-production-formatter,feature-response,6973,6973,2049,2045,2147,,1985,False,
1303,artifact_page,cached-production-formatter,root-default20,6722,6722,1944,1943,2042,,1944,False,
1304,api_write,cached-production-formatter,feature-response,1281,1281,422,424,445,,361,False,
1305,artifact_page,cached-production-formatter,root-default20,1031,1031,322,327,345,,322,False,
1306,api_write,cached-production-formatter,feature-response,1283,1283,416,420,439,,357,False,
1307,artifact_page,cached-production-formatter,root-default20,1033,1033,320,325,343,,320,False,
1308,api_read,cached-production-formatter,features,591,591,175,173,186,,119,True,
1309,artifact_page,cached-production-formatter,root-default20,338,338,76,75,87,,76,True,
1310,document_tree,cached-production-formatter,document;default20,451,451,144,143,155,,121,True,
1311,api_write,cached-production-formatter,feature-response,530,530,182,182,193,,117,True,
1312,artifact_page,cached-production-formatter,root-default20,278,278,65,64,76,,65,True,
1313,api_write,cached-production-formatter,feature-response,529,529,172,170,183,,112,True,
1314,artifact_page,cached-production-formatter,root-default20,278,278,65,64,76,,65,True,
1315,evaluate,cached-production-formatter,evaluation,407,407,156,152,169,,95,False,
1316,artifact_page,cached-production-formatter,root-default20,157,157,56,55,69,,56,False,
1317,artifact_page,cached-production-formatter,root-default20,1207,1207,300,303,334,,300,False,
1318,api_read,cached-production-formatter,features,592,592,182,180,193,,123,True,
1319,artifact_page,cached-production-formatter,root-default20,338,338,76,75,87,,76,True,
1320,api_read,cached-production-formatter,assembly-definition,451,451,154,152,165,,95,True,
1321,artifact_page,cached-production-formatter,root-default20,199,199,49,48,60,,49,True,
1322,element_tree,cached-production-formatter,assembly;default20,679,679,177,177,190,,154,True,
1323,api_read,cached-production-formatter,features,592,592,176,174,187,,120,True,
1324,artifact_page,cached-production-formatter,root-default20,338,338,76,75,87,,76,True,
1325,api_read,cached-production-formatter,assembly-definition,451,451,147,145,158,,91,True,
1326,artifact_page,cached-production-formatter,root-default20,199,199,49,48,60,,49,True,
1327,artifact_page,cached-production-formatter,root-default20,2906,2906,671,667,723,,671,False,
1328,api_read,cached-production-formatter,features,3662,3659,1080,1083,1136,,1018,False,
1329,artifact_page,cached-production-formatter,root-default20,3411,3408,979,981,1035,,979,False,
1330,document_tree,cached-production-formatter,document;default20,451,451,137,137,148,,114,True,
1331,api_read,cached-production-formatter,features,546,546,175,173,186,,115,True,
1332,artifact_page,cached-production-formatter,root-default20,293,293,68,67,79,,68,True,
1333,display_state,cached-production-formatter,default20,6642,6620,1788,1794,1866,,929,False,10
1334,api_write,cached-production-formatter,feature-response,1802,1802,651,657,689,,584,False,
1335,artifact_page,cached-production-formatter,root-default20,1551,1551,541,548,579,,541,False,
1336,document_tree,cached-production-formatter,document;default20,451,451,133,133,144,,110,True,
1337,document_tree,cached-production-formatter,document;default20,451,451,141,141,152,,118,True,
1338,artifact_page,cached-production-formatter,root-default20,452,452,160,155,178,,160,False,
1339,inspect_model,cached-response-reconstruction,full,855,855,259,249,272,,196,False,
1340,inspect_model,cached-response-reconstruction,unchanged,157,157,72,72,80,,72,False,
1341,resolve_target,executed-local,explicit-url,670,670,208,207,219,,208,False,
1342,inspect_model,cached-response-reconstruction,full,854,854,253,243,266,,194,False,
1343,inspect_model,cached-response-reconstruction,unchanged,157,157,70,70,78,,70,False,
1344,resolve_target,executed-local,explicit-url,670,670,206,205,217,,206,False,
1345,inspect_model,cached-response-reconstruction,full,712,712,227,221,238,,162,False,
1346,inspect_model,cached-response-reconstruction,unchanged,157,157,76,76,84,,76,False,
1347,resolve_target,executed-local,explicit-url,670,670,208,207,219,,208,False,
1348,inspect_model,cached-response-reconstruction,full,4052,4052,1250,1246,1296,,1191,False,
1349,inspect_model,cached-response-reconstruction,unchanged,157,157,64,65,72,,64,False,
1350,resolve_target,executed-local,explicit-url,670,670,203,200,214,,203,False,
1351,inspect_model,cached-response-reconstruction,full,855,855,262,252,275,,198,False,
1352,inspect_model,cached-response-reconstruction,unchanged,157,157,74,74,82,,74,False,
1353,resolve_target,executed-local,explicit-url,670,670,208,207,219,,208,False,
1354,inspect_model,cached-response-reconstruction,full,854,854,251,241,264,,191,False,
1355,inspect_model,cached-response-reconstruction,unchanged,157,157,67,67,75,,67,False,
1356,resolve_target,executed-local,explicit-url,670,670,206,205,217,,206,False,
1357,inspect_model,cached-response-reconstruction,full,3140,3140,886,885,901,,828,False,
1358,inspect_model,cached-response-reconstruction,unchanged,157,157,65,65,73,,65,False,
1359,resolve_target,executed-local,explicit-url,670,670,209,206,220,,209,False,
1360,inspect_model,cached-response-reconstruction,full,618,618,215,213,229,,153,False,
1361,inspect_model,cached-response-reconstruction,unchanged,157,157,71,71,79,,71,False,
1362,resolve_target,executed-local,explicit-url,670,670,203,202,214,,203,False,
1363,inspect_model,cached-response-reconstruction,full,8082,8082,2393,2388,2464,,2332,False,
1364,inspect_model,cached-response-reconstruction,unchanged,157,157,68,68,76,,68,False,
1365,resolve_target,executed-local,explicit-url,670,670,204,203,215,,204,False,
1366,inspect_model,cached-response-reconstruction,full,855,855,248,238,261,,190,False,
1367,inspect_model,cached-response-reconstruction,unchanged,157,157,66,66,74,,66,False,
1368,resolve_target,executed-local,explicit-url,670,670,208,207,219,,208,False,
1369,inspect_model,cached-response-reconstruction,full,712,712,210,204,221,,152,False,
1370,inspect_model,cached-response-reconstruction,unchanged,157,157,66,66,74,,66,False,
1371,resolve_target,executed-local,explicit-url,670,670,208,207,219,,208,False,
1372,inspect_model,cached-response-reconstruction,full,854,854,256,246,269,,194,False,
1373,inspect_model,cached-response-reconstruction,unchanged,157,157,70,70,78,,70,False,
1374,resolve_target,executed-local,explicit-url,670,670,206,205,217,,206,False,
1375,inspect_model,cached-response-reconstruction,full,1318,1318,456,457,484,,397,False,
1376,inspect_model,cached-response-reconstruction,unchanged,157,157,70,70,78,,70,False,
1377,resolve_target,executed-local,explicit-url,670,670,203,202,214,,203,False,
1378,inspect_model,cached-response-reconstruction,full,855,855,251,241,264,,191,False,
1379,inspect_model,cached-response-reconstruction,unchanged,157,157,67,67,75,,67,False,
1380,resolve_target,executed-local,explicit-url,670,670,208,207,219,,208,False,
1381,inspect_model,cached-response-reconstruction,full,855,855,248,238,261,,189,False,
1382,inspect_model,cached-response-reconstruction,unchanged,157,157,65,65,73,,65,False,
1383,resolve_target,executed-local,explicit-url,670,670,208,207,219,,208,False,
1384,inspect_model,cached-response-reconstruction,full,4052,4052,1264,1258,1310,,1202,False,
1385,inspect_model,cached-response-reconstruction,unchanged,157,157,75,75,83,,75,False,
1386,resolve_target,executed-local,explicit-url,670,670,203,200,214,,203,False,
1387,inspect_model,cached-response-reconstruction,full,3140,3140,893,893,908,,832,False,
1388,inspect_model,cached-response-reconstruction,unchanged,157,157,69,70,77,,69,False,
1389,resolve_target,executed-local,explicit-url,670,670,209,206,220,,209,False,
1390,inspect_model,cached-response-reconstruction,full,855,855,247,237,260,,189,False,
1391,inspect_model,cached-response-reconstruction,unchanged,157,157,65,65,73,,65,False,
1392,resolve_target,executed-local,explicit-url,670,670,208,207,219,,208,False,
1393,inspect_model,cached-response-reconstruction,full,1318,1318,470,471,498,,404,False,
1394,inspect_model,cached-response-reconstruction,unchanged,157,157,77,77,85,,77,False,
1395,resolve_target,executed-local,explicit-url,670,670,203,202,214,,203,False,
1396,inspect_model,cached-response-reconstruction,full,3013,3003,942,931,977,,878,False,
1397,inspect_model,cached-response-reconstruction,unchanged,157,157,71,71,79,,71,False,
1398,resolve_target,executed-local,explicit-url,670,670,209,208,220,,209,False,
1399,inspect_model,cached-response-reconstruction,full,712,712,213,207,224,,155,False,
1400,inspect_model,cached-response-reconstruction,unchanged,157,157,69,69,77,,69,False,
1401,resolve_target,executed-local,explicit-url,670,670,208,207,219,,208,False,
1402,inspect_model,cached-response-reconstruction,full,3140,3140,882,881,897,,826,False,
1403,inspect_model,cached-response-reconstruction,unchanged,157,157,63,63,71,,63,False,
1404,resolve_target,executed-local,explicit-url,670,670,209,206,220,,209,False,
1405,inspect_model,cached-response-reconstruction,full,855,855,249,237,262,,192,False,
1406,inspect_model,cached-response-reconstruction,unchanged,157,157,68,67,76,,68,False,
1407,resolve_target,executed-local,explicit-url,670,670,208,207,219,,208,False,
1408,inspect_model,cached-response-reconstruction,full,854,854,260,250,273,,197,False,
1409,inspect_model,cached-response-reconstruction,unchanged,157,157,73,73,81,,73,False,
1410,resolve_target,executed-local,explicit-url,670,670,206,205,217,,206,False,
1411,inspect_model,cached-response-reconstruction,full,641,638,230,229,243,,165,False,
1412,inspect_model,cached-response-reconstruction,unchanged,157,157,77,77,85,,77,False,
1413,resolve_target,executed-local,explicit-url,670,670,209,208,220,,209,False,
1414,inspect_model,cached-response-reconstruction,full,482,482,163,161,175,,104,False,
1415,inspect_model,cached-response-reconstruction,unchanged,157,157,67,67,75,,67,False,
1416,resolve_target,executed-local,explicit-url,670,670,203,202,214,,203,False,
1417,inspect_model,cached-response-reconstruction,full,854,854,249,239,262,,192,False,
1418,inspect_model,cached-response-reconstruction,unchanged,157,157,68,68,76,,68,False,
1419,resolve_target,executed-local,explicit-url,670,670,206,205,217,,206,False,
1420,inspect_model,cached-response-reconstruction,full,3013,3003,947,936,982,,882,False,
1421,inspect_model,cached-response-reconstruction,unchanged,157,157,75,75,83,,75,False,
1422,resolve_target,executed-local,explicit-url,670,670,209,208,220,,209,False,
1423,inspect_model,cached-response-reconstruction,full,5341,5335,1561,1570,1582,,1495,False,
1424,inspect_model,cached-response-reconstruction,unchanged,157,157,73,73,81,,73,False,
1425,resolve_target,executed-local,explicit-url,670,670,205,204,216,,205,False,
1426,inspect_model,cached-response-reconstruction,full,712,712,206,198,217,,149,False,
1427,inspect_model,cached-response-reconstruction,unchanged,157,157,63,62,71,,63,False,
1428,resolve_target,executed-local,explicit-url,670,670,208,207,219,,208,False,
1429,inspect_model,cached-response-reconstruction,full,855,855,254,244,267,,194,False,
1430,inspect_model,cached-response-reconstruction,unchanged,157,157,70,70,78,,70,False,
1431,resolve_target,executed-local,explicit-url,670,670,208,207,219,,208,False,
1432,inspect_model,cached-response-reconstruction,full,854,854,256,246,269,,194,False,
1433,inspect_model,cached-response-reconstruction,unchanged,157,157,70,70,78,,70,False,
1434,resolve_target,executed-local,explicit-url,670,670,206,205,217,,206,False,
1435,inspect_model,cached-response-reconstruction,full,2812,2812,826,820,850,,770,False,
1436,inspect_model,cached-response-reconstruction,unchanged,157,157,64,64,72,,64,False,
1437,resolve_target,executed-local,explicit-url,670,670,203,200,214,,203,False,
1438,inspect_model,cached-response-reconstruction,full,855,855,243,230,256,,188,False,
1439,inspect_model,cached-response-reconstruction,unchanged,157,157,64,62,72,,64,False,
1440,resolve_target,executed-local,explicit-url,670,670,208,207,219,,208,False,
1441,inspect_model,cached-response-reconstruction,full,2812,2812,838,833,862,,777,False,
1442,inspect_model,cached-response-reconstruction,unchanged,157,157,71,72,79,,71,False,
1443,resolve_target,executed-local,explicit-url,670,670,203,200,214,,203,False,
1444,inspect_model,cached-response-reconstruction,full,4053,4053,1267,1261,1313,,1202,False,
1445,inspect_model,cached-response-reconstruction,unchanged,157,157,74,74,82,,74,False,
1446,resolve_target,executed-local,explicit-url,670,670,203,200,214,,203,False,
1447,inspect_model,cached-response-reconstruction,full,3129,3129,883,882,898,,827,False,
1448,inspect_model,cached-response-reconstruction,unchanged,157,157,65,65,73,,65,False,
1449,resolve_target,executed-local,explicit-url,670,670,209,206,220,,209,False,
1450,inspect_model,cached-response-reconstruction,full,4052,4052,1264,1258,1310,,1200,False,
1451,inspect_model,cached-response-reconstruction,unchanged,157,157,73,73,81,,73,False,
1452,resolve_target,executed-local,explicit-url,670,670,209,206,220,,209,False,
1453,inspect_model,cached-response-reconstruction,full,2691,2691,770,766,784,,710,False,
1454,inspect_model,cached-response-reconstruction,unchanged,157,157,65,65,73,,65,False,
1455,resolve_target,executed-local,explicit-url,670,670,209,206,220,,209,False,
1456,inspect_model,cached-response-reconstruction,full,855,855,258,250,271,,195,False,
1457,inspect_model,cached-response-reconstruction,unchanged,157,157,71,72,79,,71,False,
1458,resolve_target,executed-local,explicit-url,670,670,208,207,219,,208,False,
1459,inspect_model,cached-response-reconstruction,full,1990,1990,601,595,624,,544,False,
1460,inspect_model,cached-response-reconstruction,unchanged,157,157,69,69,77,,69,False,
1461,resolve_target,executed-local,explicit-url,670,670,203,200,214,,203,False,
1462,inspect_model,cached-response-reconstruction,full,3013,3003,937,926,972,,877,False,
1463,inspect_model,cached-response-reconstruction,unchanged,157,157,70,70,78,,70,False,
1464,resolve_target,executed-local,explicit-url,670,670,210,209,221,,210,False,
1465,inspect_model,cached-response-reconstruction,full,855,855,254,242,267,,194,False,
1466,inspect_model,cached-response-reconstruction,unchanged,157,157,70,69,78,,70,False,
1467,resolve_target,executed-local,explicit-url,670,670,208,207,219,,208,False,
1468,inspect_model,cached-response-reconstruction,full,712,712,212,205,223,,153,False,
1469,inspect_model,cached-response-reconstruction,unchanged,157,157,67,66,75,,67,False,
1470,resolve_target,executed-local,explicit-url,670,670,208,207,219,,208,False,
1471,inspect_model,cached-response-reconstruction,full,712,712,207,199,218,,150,False,
1472,inspect_model,cached-response-reconstruction,unchanged,157,157,64,63,72,,64,False,
1473,resolve_target,executed-local,explicit-url,670,670,208,207,219,,208,False,
1474,inspect_model,cached-response-reconstruction,full,1318,1318,456,457,484,,396,False,
1475,inspect_model,cached-response-reconstruction,unchanged,157,157,69,69,77,,69,False,
1476,resolve_target,executed-local,explicit-url,670,670,203,202,214,,203,False,
1477,inspect_model,cached-response-reconstruction,full,3495,3482,1097,1084,1134,,1039,False,
1478,inspect_model,cached-response-reconstruction,unchanged,157,157,68,68,76,,68,False,
1479,resolve_target,executed-local,explicit-url,670,670,210,209,221,,210,False,
1480,inspect_model,cached-response-reconstruction,full,855,855,247,237,260,,189,False,
1481,inspect_model,cached-response-reconstruction,unchanged,157,157,65,65,73,,65,False,
1482,resolve_target,executed-local,explicit-url,670,670,208,207,219,,208,False,
1483,inspect_model,cached-response-reconstruction,full,854,854,241,231,254,,186,False,
1484,inspect_model,cached-response-reconstruction,unchanged,157,157,62,62,70,,62,False,
1485,resolve_target,executed-local,explicit-url,670,670,206,205,217,,206,False,
1486,inspect_model,cached-response-reconstruction,full,712,712,221,213,232,,158,False,
1487,inspect_model,cached-response-reconstruction,unchanged,157,157,72,71,80,,72,False,
1488,resolve_target,executed-local,explicit-url,672,672,206,205,217,,206,False,
1489,inspect_model,cached-response-reconstruction,full,990,990,349,344,374,,288,False,
1490,inspect_model,cached-response-reconstruction,unchanged,157,157,70,70,78,,70,False,
1491,resolve_target,executed-local,explicit-url,670,670,203,202,214,,203,False,
1492,inspect_model,cached-response-reconstruction,full,482,482,175,172,187,,111,False,
1493,inspect_model,cached-response-reconstruction,unchanged,157,157,74,73,82,,74,False,
1494,resolve_target,executed-local,explicit-url,670,670,209,208,220,,209,False,
1495,inspect_model,cached-response-reconstruction,full,4053,4053,1256,1250,1302,,1197,False,
1496,inspect_model,cached-response-reconstruction,unchanged,157,157,69,69,77,,69,False,
1497,resolve_target,executed-local,explicit-url,670,670,209,206,220,,209,False,
1498,inspect_model,cached-response-reconstruction,full,855,855,256,244,269,,196,False,
1499,inspect_model,cached-response-reconstruction,unchanged,157,157,72,71,80,,72,False,
1500,resolve_target,executed-local,explicit-url,670,670,208,207,219,,208,False,
1501,inspect_model,cached-response-reconstruction,full,3013,3003,937,926,972,,877,False,
1502,inspect_model,cached-response-reconstruction,unchanged,157,157,70,70,78,,70,False,
1503,resolve_target,executed-local,explicit-url,670,670,210,209,221,,210,False,
1504,inspect_model,cached-response-reconstruction,full,855,855,249,239,262,,192,False,
1505,inspect_model,cached-response-reconstruction,unchanged,157,157,68,68,76,,68,False,
1506,resolve_target,executed-local,explicit-url,670,670,208,207,219,,208,False,
1507,inspect_model,cached-response-reconstruction,full,855,855,247,237,260,,190,False,
1508,inspect_model,cached-response-reconstruction,unchanged,157,157,66,66,74,,66,False,
1509,resolve_target,executed-local,explicit-url,670,670,208,207,219,,208,False,
1510,inspect_model,cached-response-reconstruction,full,4052,4052,1257,1249,1303,,1197,False,
1511,inspect_model,cached-response-reconstruction,unchanged,157,157,70,69,78,,70,False,
1512,resolve_target,executed-local,explicit-url,670,670,209,206,220,,209,False,
1513,inspect_model,cached-response-reconstruction,full,3140,3140,897,896,912,,835,False,
1514,inspect_model,cached-response-reconstruction,unchanged,157,157,72,72,80,,72,False,
1515,resolve_target,executed-local,explicit-url,670,670,209,206,220,,209,False,
1516,inspect_model,cached-response-reconstruction,full,1189,1189,404,399,428,,341,False,
1517,inspect_model,cached-response-reconstruction,unchanged,157,157,73,74,81,,73,False,
1518,resolve_target,executed-local,explicit-url,672,672,203,202,214,,203,False,
1519,inspect_model,cached-response-reconstruction,full,3139,3139,892,891,907,,833,False,
1520,inspect_model,cached-response-reconstruction,unchanged,157,157,70,70,78,,70,False,
1521,resolve_target,executed-local,explicit-url,670,670,209,206,220,,209,False,
1522,inspect_model,cached-response-reconstruction,full,1170,1170,419,413,446,,354,False,
1523,inspect_model,cached-response-reconstruction,unchanged,157,157,74,73,82,,74,False,
1524,resolve_target,executed-local,explicit-url,670,670,203,202,214,,203,False,
1525,inspect_model,cached-response-reconstruction,full,855,855,266,254,279,,201,False,
1526,inspect_model,cached-response-reconstruction,unchanged,157,157,77,76,85,,77,False,
1527,resolve_target,executed-local,explicit-url,670,670,208,207,219,,208,False,
1528,inspect_model,cached-response-reconstruction,full,855,855,263,253,276,,199,False,
1529,inspect_model,cached-response-reconstruction,unchanged,157,157,75,75,83,,75,False,
1530,resolve_target,executed-local,explicit-url,670,670,208,207,219,,208,False,
1531,inspect_model,cached-response-reconstruction,full,3601,3601,1005,1008,1021,,948,False,
1532,inspect_model,cached-response-reconstruction,unchanged,157,157,64,65,72,,64,False,
1533,resolve_target,executed-local,explicit-url,670,670,209,206,220,,209,False,
1534,inspect_model,cached-response-reconstruction,full,854,854,252,242,265,,193,False,
1535,inspect_model,cached-response-reconstruction,unchanged,157,157,69,69,77,,69,False,
1536,resolve_target,executed-local,explicit-url,670,670,206,205,217,,206,False,
1537,inspect_model,cached-response-reconstruction,full,854,854,256,248,269,,195,False,
1538,inspect_model,cached-response-reconstruction,unchanged,157,157,71,72,79,,71,False,
1539,resolve_target,executed-local,explicit-url,672,672,197,196,208,,197,False,
1540,inspect_model,cached-response-reconstruction,full,4053,4053,1259,1254,1305,,1198,False,
1541,inspect_model,cached-response-reconstruction,unchanged,157,157,70,71,78,,70,False,
1542,resolve_target,executed-local,explicit-url,670,670,203,200,214,,203,False,
1543,inspect_model,cached-response-reconstruction,full,855,855,248,236,261,,191,False,
1544,inspect_model,cached-response-reconstruction,unchanged,157,157,67,66,75,,67,False,
1545,resolve_target,executed-local,explicit-url,670,670,208,207,219,,208,False,
1546,inspect_model,cached-response-reconstruction,full,3871,3871,1136,1134,1163,,1071,False,
1547,inspect_model,cached-response-reconstruction,unchanged,157,157,73,73,81,,73,False,
1548,resolve_target,executed-local,explicit-url,670,670,203,200,214,,203,False,
1549,inspect_model,cached-response-reconstruction,full,712,712,217,211,228,,156,False,
1550,inspect_model,cached-response-reconstruction,unchanged,157,157,70,70,78,,70,False,
1551,resolve_target,executed-local,explicit-url,670,670,208,207,219,,208,False,
1552,inspect_model,cached-response-reconstruction,full,855,855,256,244,269,,195,False,
1553,inspect_model,cached-response-reconstruction,unchanged,157,157,71,70,79,,71,False,
1554,resolve_target,executed-local,explicit-url,670,670,208,207,219,,208,False,
1555,inspect_model,cached-response-reconstruction,full,854,854,246,236,259,,189,False,
1556,inspect_model,cached-response-reconstruction,unchanged,157,157,65,65,73,,65,False,
1557,resolve_target,executed-local,explicit-url,670,670,203,202,214,,203,False,
1558,inspect_model,cached-response-reconstruction,full,2990,2990,890,881,915,,833,False,
1559,inspect_model,cached-response-reconstruction,unchanged,157,157,69,68,77,,69,False,
1560,resolve_target,executed-local,explicit-url,670,670,203,200,214,,203,False,
1561,inspect_model,cached-response-reconstruction,full,854,854,258,248,271,,197,False,
1562,inspect_model,cached-response-reconstruction,unchanged,157,157,73,73,81,,73,False,
1563,resolve_target,executed-local,explicit-url,670,670,202,199,213,,202,False,
1564,inspect_model,cached-response-reconstruction,full,2812,2812,832,826,856,,773,False,
1565,inspect_model,cached-response-reconstruction,unchanged,157,157,67,67,75,,67,False,
1566,resolve_target,executed-local,explicit-url,670,670,203,200,214,,203,False,
1567,inspect_model,cached-response-reconstruction,full,2089,2082,627,620,651,,571,False,
1568,inspect_model,cached-response-reconstruction,unchanged,157,157,66,66,74,,66,False,
1569,resolve_target,executed-local,explicit-url,670,670,209,208,220,,209,False,
1570,mate_animation,recorded-response,prepare,458,458,164,162,174,,88,False,
1571,mate_animation,recorded-response,restore,458,458,165,163,175,,89,False,
1572,mate_animation,recorded-response,step,481,481,178,175,188,,95,False,
1573,mate_animation,recorded-response,start,481,481,177,175,187,,94,False,
1574,mate_animation,recorded-response,status,481,481,177,175,187,,94,False,
1575,mate_animation,recorded-response,stop,481,481,178,175,188,,95,False,
1576,view_control,recorded-response,standard,581,581,273,270,290,,34,False,
1577,view_control,recorded-response,zoom,567,567,267,264,284,,34,False,
1578,capture_viewport,recorded-response,text-only;image-excluded,1027,1027,437,432,455,,140,False,
1579,view_control,recorded-response,restore,846,846,384,381,401,,34,False,
