call,thread,thread_call,source_line,tool,surface,variant,response_tokens,argument_tokens,argument_rendered_tokens,projected_response_tokens,explicit_error,pointer_fallback,image_output,empty_response,response_present
1,thread-1,1,24,resolve_target,native,default,139,1,1,139,False,False,False,False,True
2,thread-1,2,75,resolve_target,native,default,208,57,61,208,False,False,False,False,True
3,thread-1,3,89,document_tree,native,fresh,132,57,61,132,False,True,False,False,True
4,thread-1,4,103,document_tree,native,cached-page,132,100,110,132,False,True,False,False,True
5,thread-1,5,125,document_tree,native,cached-page,338,100,110,228,False,False,False,False,True
6,thread-1,6,141,artifact_page,native,pointer:/elements,14,49,58,14,True,False,False,False,True
7,thread-1,7,155,artifact_page,native,pointer:root/other,25,44,51,25,False,False,False,False,True
8,thread-1,8,170,artifact_page,native,pointer:root/other,56,48,58,56,False,True,False,False,True
9,thread-1,9,186,artifact_page,native,pointer:/rows,242,53,65,156,False,False,False,False,True
10,thread-1,10,203,artifact_page,native,pointer:/rows,650,53,65,226,False,False,False,False,True
11,thread-1,11,220,artifact_page,native,pointer:/rows,648,53,65,227,False,False,False,False,True
12,thread-1,12,237,artifact_page,native,pointer:/rows,816,53,65,236,False,False,False,False,True
13,thread-1,13,254,artifact_page,native,pointer:/rows,637,53,65,221,False,False,False,False,True
14,thread-1,14,271,artifact_page,native,pointer:/rows,853,53,65,247,False,False,False,False,True
15,thread-1,15,288,artifact_page,native,pointer:/rows,659,53,65,224,False,False,False,False,True
16,thread-1,16,305,artifact_page,native,pointer:/rows,807,53,65,240,False,False,False,False,True
17,thread-1,17,322,artifact_page,native,pointer:/rows,493,53,65,213,False,False,False,False,True
18,thread-1,18,339,artifact_page,native,pointer:/rows,883,53,65,247,False,False,False,False,True
19,thread-1,19,356,artifact_page,native,pointer:/rows,833,53,65,243,False,False,False,False,True
20,thread-1,20,373,artifact_page,native,pointer:/rows,815,53,65,240,False,False,False,False,True
21,thread-1,21,390,artifact_page,native,pointer:/rows,616,53,65,222,False,False,False,False,True
22,thread-1,22,407,artifact_page,native,pointer:/rows,490,53,65,209,False,False,False,False,True
23,thread-1,23,424,artifact_page,native,pointer:/rows,726,53,65,239,False,False,False,False,True
24,thread-1,24,441,artifact_page,native,pointer:/rows,867,53,65,245,False,False,False,False,True
25,thread-1,25,458,artifact_page,native,pointer:/rows,883,53,65,256,False,False,False,False,True
26,thread-1,26,475,artifact_page,native,pointer:/rows,703,53,65,233,False,False,False,False,True
27,thread-1,27,492,artifact_page,native,pointer:/rows,843,53,65,244,False,False,False,False,True
28,thread-1,28,509,artifact_page,native,pointer:/rows,621,53,65,234,False,False,False,False,True
29,thread-1,29,526,artifact_page,native,pointer:/rows,804,53,65,256,False,False,False,False,True
30,thread-1,30,543,artifact_page,native,pointer:/rows,797,53,65,255,False,False,False,False,True
31,thread-1,31,560,artifact_page,native,pointer:/rows,555,53,65,194,False,False,False,False,True
32,thread-1,32,577,artifact_page,native,pointer:/rows,500,53,65,141,False,False,False,False,True
33,thread-1,33,594,inspect_model,native,full,251,57,61,191,False,False,False,False,True
34,thread-1,34,608,element_tree,native,fresh,377,61,68,221,False,False,False,False,True
35,thread-1,35,650,inspect_model,native,full,2393,55,59,2332,False,False,False,False,True
36,thread-1,36,664,evaluate,native,topology,634,69,81,564,False,False,False,False,True
37,thread-1,37,681,search_commands,native,default,1411,16,20,747,False,False,False,False,True
38,thread-1,38,695,render_views,native,default,17,54,69,17,True,False,False,False,True
39,thread-1,39,712,evaluate,native,custom,18,145,155,18,True,False,False,False,True
40,thread-1,40,726,feature_template,native,specific-type,19,47,54,19,True,False,False,False,True
41,thread-1,41,739,bridge_status,native,default,97,1,1,97,False,False,False,False,True
42,thread-1,42,751,render_views,native,default,97,54,69,42,False,False,True,False,True
43,thread-1,43,772,evaluate,native,custom,923,145,155,862,False,False,False,False,True
44,thread-1,44,788,feature_template,native,specific-type,154,47,54,154,False,True,False,False,True
45,thread-1,45,803,evaluate,native,topology,1274,70,82,1206,False,False,False,False,True
46,thread-1,46,831,api_catalog,native,schema:createFeatureStudio,278,7,11,260,False,False,False,False,True
47,thread-1,47,845,api_catalog,native,schema:updateFeatureStudioContents,324,8,12,309,False,False,False,False,True
48,thread-1,48,859,api_catalog,native,schema:getFeatureStudioContents,292,8,12,277,False,False,False,False,True
49,thread-1,49,873,feature_template,native,specific-type,143,46,53,143,False,True,False,False,True
50,thread-1,50,894,api_catalog,native,schema:BTFeatureStudioContents-2239,181,11,15,174,False,False,False,False,True
51,thread-1,51,908,api_catalog,native,schema:BTModelElementParams,123,8,12,123,False,False,False,False,True
52,thread-1,52,922,api_read,native,getFeatureStudioContents,22,69,92,22,True,False,False,False,True
53,thread-1,53,941,api_read,native,getFeatureStudioContents,131,71,94,66,False,False,False,False,True
54,thread-1,54,962,api_catalog,native,schema:BTFeatureApiBase-1430,661,11,15,520,False,False,False,False,True
55,thread-1,55,988,evaluate,native,select,159,61,74,100,False,False,False,False,True
56,thread-1,56,1022,feature,native,add,130,609,936,130,False,False,False,False,True
57,thread-1,57,1164,inspect_model,native,previous-snapshot,209,97,104,152,False,False,False,False,True
58,thread-1,58,1179,evaluate,native,select,177,78,90,110,False,False,False,False,True
59,thread-1,59,1208,feature,native,add,147,962,1526,147,False,False,False,False,True
60,thread-1,60,1438,inspect_model,native,previous-snapshot,220,95,102,157,False,False,False,False,True
61,thread-1,61,1453,api_write,native,createFeatureStudio,255,54,76,191,False,False,False,False,True
62,thread-1,62,1474,evaluate,native,select,155,84,96,92,False,False,False,False,True
63,thread-1,63,1491,api_read,native,getFeatureStudioContents,212,62,83,147,False,False,False,False,True
64,thread-1,64,1517,api_write,native,updateFeatureStudioContents,853,795,834,791,False,False,False,False,True
65,thread-1,65,1544,api_write,native,updateFeatureStudioContents,854,794,833,793,False,False,False,False,True
66,thread-1,66,1571,inspect_model,native,previous-snapshot,2813,100,107,2749,False,False,False,False,True
67,thread-1,67,1586,feature_template,native,specific-type,23,84,94,23,True,False,False,False,True
68,thread-1,68,1600,api_catalog,native,schema:getFeatureStudioSpecs,300,8,12,284,False,False,False,False,True
69,thread-1,69,1614,api_read,native,getFeatureStudioSpecs,509,62,83,445,False,False,False,False,True
70,thread-1,70,1634,feature,native,add,116,125,155,116,False,False,False,False,True
71,thread-1,71,1659,inspect_model,native,previous-snapshot,218,101,108,158,False,False,False,False,True
72,thread-1,72,1674,artifact_page,native,pointer:/featureState,31,49,55,31,False,False,False,False,True
73,thread-1,73,1689,evaluate,native,custom,151,83,93,86,False,False,False,False,True
74,thread-1,74,1705,search_commands,native,default,601,19,28,227,False,False,False,False,True
75,thread-1,75,1721,api_write,native,updateFeatureStudioContents,872,811,850,808,False,False,False,False,True
76,thread-1,76,1748,api_catalog,native,search,50,8,12,50,False,False,False,False,True
77,thread-1,77,1762,api_read,native,getFeatureStudioSpecs,482,62,83,420,False,False,False,False,True
78,thread-1,78,1782,api_catalog,native,schema:updatePartStudioFeature,404,8,12,308,False,False,False,False,True
79,thread-1,79,1796,api_catalog,native,schema:BTFeatureDefinitionCall-1406,342,11,15,201,False,False,False,False,True
80,thread-1,80,1810,api_write,native,updatePartStudioFeature,322,211,270,224,False,False,False,False,True
81,thread-1,81,1845,inspect_model,native,previous-snapshot,210,98,105,152,False,False,False,False,True
82,thread-1,82,1860,evaluate,native,custom,147,389,399,147,False,True,False,False,True
83,thread-1,83,1876,render_views,native,default,106,51,66,47,False,False,True,False,True
84,thread-1,84,1915,element_tree,native,fresh,19,61,68,19,True,False,False,False,True
85,thread-1,85,1934,element_tree,native,fresh,137,61,68,109,False,False,False,False,True
86,thread-1,86,1949,evaluate,native,custom,969,143,153,903,False,False,False,False,True
87,thread-1,87,1965,element_tree,native,cached-page,307,107,120,211,False,False,False,False,True
88,thread-1,88,1982,evaluate,native,custom,241,146,156,178,False,False,False,False,True
89,thread-1,89,1998,element_tree,native,cached-page,488,107,120,351,False,False,False,False,True
90,thread-1,90,2015,sidebar_edit,native,create_folder,239,108,128,239,False,False,False,False,True
91,thread-1,91,2036,document_tree,native,fresh,195,70,82,146,False,False,False,False,True
92,thread-1,92,2053,document_edit,native,move,163,88,101,163,False,False,False,False,True
93,thread-1,93,2070,inspect_model,native,previous-snapshot,2911,95,102,2851,False,False,False,False,True
94,thread-1,94,2104,resolve_target,native,default,203,55,59,203,False,False,False,False,True
95,thread-1,95,2118,document_tree,native,fresh,171,59,66,127,False,False,False,False,True
96,thread-1,96,2133,element_tree,native,fresh,156,59,66,128,False,False,False,False,True
97,thread-1,97,2148,search_commands,native,default,704,21,31,253,False,False,False,False,True
98,thread-1,98,2173,api_catalog,native,schema:insertTransformedInstances,301,8,12,289,False,False,False,False,True
99,thread-1,99,2187,api_catalog,native,schema:createInstance,287,6,10,273,False,False,False,False,True
100,thread-1,100,2201,api_catalog,native,schema:modify,450,5,9,299,False,False,False,False,True
101,thread-1,101,2215,api_catalog,native,schema:BTAssemblyTransformedInstancesDefinitionParams,140,11,15,140,False,False,False,False,True
102,thread-1,102,2229,api_catalog,native,schema:BTAssemblyModificationParams,452,8,12,258,False,False,False,False,True
103,thread-1,103,2243,api_catalog,native,schema:BTAssemblyInstanceDefinitionParams,267,9,13,267,False,False,False,False,True
104,thread-1,104,2266,api_catalog,native,schema:TransformGroup,176,6,10,176,False,False,False,False,True
105,thread-1,105,2280,api_catalog,native,search,240,6,10,240,False,False,False,False,True
106,thread-1,106,2294,inspect_model,native,previous-snapshot,209,97,104,151,False,False,False,False,True
107,thread-1,107,2309,api_catalog,native,schema:addFeature,322,6,10,307,False,False,False,False,True
108,thread-1,108,2323,api_catalog,native,schema:getFeatures,554,6,10,359,False,False,False,False,True
109,thread-1,109,2345,api_read,native,getFeatures,459,80,111,392,False,False,False,False,True
110,thread-1,110,2370,api_write,native,insertTransformedInstances,763,686,934,698,False,False,False,False,True
111,thread-1,111,2493,element_tree,native,fresh,162,59,66,134,False,False,False,False,True
112,thread-1,112,2508,api_catalog,native,schema:BTMMateGroup-65,173,10,14,166,False,False,False,False,True
113,thread-1,113,2522,api_catalog,native,search,254,8,12,254,False,False,False,False,True
114,thread-1,114,2547,api_catalog,native,schema:getAssemblyShadedViews,793,9,13,574,False,False,False,False,True
115,thread-1,115,2561,api_write,native,addFeature,765,455,656,224,False,False,False,False,True
116,thread-1,116,2663,element_tree,native,fresh,164,59,66,136,False,False,False,False,True
117,thread-1,117,2678,api_read,native,getAssemblyShadedViews,22,95,135,22,True,False,False,False,True
118,thread-1,118,2703,api_read,native,getAssemblyShadedViews,142,95,135,142,False,True,False,False,True
119,thread-1,119,2767,resolve_target,native,default,203,55,59,203,False,False,False,False,True
120,thread-1,120,2783,document_tree,native,fresh,168,59,66,124,False,False,False,False,True
121,thread-1,121,2798,api_read,native,getFeatures,132,67,90,67,False,False,False,False,True
122,thread-1,122,2843,inspect_model,native,full,249,57,61,192,False,False,False,False,True
123,thread-1,123,2857,element_tree,native,fresh,164,59,66,136,False,False,False,False,True
124,thread-1,124,2886,feature_template,native,specific-type,151,44,51,151,False,True,False,False,True
125,thread-1,125,2901,evaluate,native,custom,500,222,232,437,False,False,False,False,True
126,thread-1,126,2932,feature,native,add,116,1385,1987,116,False,False,False,False,True
127,thread-1,127,3198,inspect_model,native,previous-snapshot,210,94,101,151,False,False,False,False,True
128,thread-1,128,3213,evaluate,native,custom,143,80,89,82,False,False,False,False,True
129,thread-1,129,3229,feature,native,edit,123,74,103,123,False,False,False,False,True
130,thread-1,130,3254,inspect_model,native,previous-snapshot,221,94,101,158,False,False,False,False,True
131,thread-1,131,3283,evaluate,native,custom,196,136,146,133,False,False,False,False,True
132,thread-1,132,3299,api_write,native,addFeature,1072,762,1135,212,False,False,False,False,True
133,thread-1,133,3473,element_tree,native,fresh,160,59,66,132,False,False,False,False,True
134,thread-1,134,3488,inspect_model,native,previous-snapshot,2506,100,107,2442,False,False,False,False,True
135,thread-1,135,3529,resolve_target,native,default,203,55,59,203,False,False,False,False,True
136,thread-1,136,3543,api_read,native,getFeatures,129,67,90,65,False,False,False,False,True
137,thread-1,137,3564,element_tree,native,fresh,163,59,66,135,False,False,False,False,True
138,thread-1,138,3579,api_catalog,native,schema:deleteFeature,292,6,10,279,False,False,False,False,True
139,thread-1,139,3624,api_write,native,deleteFeature,178,71,92,115,False,False,False,False,True
140,thread-1,140,3644,api_read,native,getFeatures,129,67,90,65,False,False,False,False,True
141,thread-1,141,3672,api_write,native,deleteFeature,174,73,94,112,False,False,False,False,True
142,thread-1,142,3692,element_tree,native,fresh,166,59,66,138,False,False,False,False,True
143,thread-1,143,3707,api_read,native,getFeatures,133,67,90,67,False,False,False,False,True
144,thread-1,144,3765,resolve_target,native,default,224,1,1,224,False,False,False,False,True
145,thread-1,145,3777,search_commands,native,default,624,19,29,289,False,False,False,False,True
146,thread-1,146,3793,native_state,native,default,1032,55,59,968,False,False,False,False,True
147,thread-1,147,3807,inspect_model,native,full,249,57,61,192,False,False,False,False,True
148,thread-1,148,3821,native_catalog,native,default,975,5,9,912,False,False,False,False,True
149,thread-1,149,3835,cua_repl.js,browser,other/ambiguous,2869,17,24,2869,False,False,False,False,True
150,thread-1,150,4155,cua_repl.js,browser,other/ambiguous,2307,29,36,2307,False,False,False,False,True
151,thread-1,151,4880,cua_repl.js,browser,other/ambiguous,,17,24,,False,False,False,False,False
152,thread-1,152,5636,cua_repl.js,browser,visibility,,39,46,,False,False,True,False,False
153,thread-1,153,5667,evaluate,native,custom,987,126,136,925,False,False,False,False,True
154,thread-1,154,5683,evaluate,native,custom,620,127,137,560,False,False,False,False,True
155,thread-1,155,5722,native_catalog,native,default,124,6,10,57,False,False,False,False,True
156,thread-1,156,5736,cua_repl.js,browser,visibility,1589,37,44,1589,False,False,True,False,True
157,thread-1,157,5950,native_schema,native,default,179,68,75,113,False,False,False,False,True
158,thread-1,158,5965,api_catalog,native,search,46,6,10,46,False,False,False,False,True
159,thread-1,159,5979,api_catalog,native,search,47,8,12,47,False,False,False,False,True
160,thread-1,160,5993,native_catalog,native,default,975,5,9,912,False,False,False,False,True
161,thread-1,161,6013,api_catalog,native,schema:deletePartStudioFeature,349,8,12,274,False,False,False,False,True
162,thread-1,162,6042,api_write,native,deletePartStudioFeature,179,77,98,115,False,False,False,False,True
163,thread-1,163,6062,cua_repl.js,browser,visibility,938,37,44,938,False,False,False,False,True
164,thread-1,164,6188,element_tree,native,fresh,517,59,66,295,False,False,False,False,True
165,thread-1,165,6203,cua_repl.js,browser,other/ambiguous,426,17,24,426,False,False,False,False,True
166,thread-1,166,6259,cua_repl.js,browser,visibility,294,29,36,294,False,False,False,False,True
167,thread-1,167,6291,cua_repl.js,browser,visibility,254,24,31,254,False,False,False,False,True
168,thread-1,168,6317,cua_repl.js,browser,visibility,314,43,50,314,False,False,False,False,True
169,thread-1,169,6352,cua_repl.js,browser,visibility,563,59,66,563,False,False,False,False,True
170,thread-1,170,6396,cua_repl.js,browser,other/ambiguous,601,57,64,601,False,False,False,False,True
171,thread-1,171,6466,cua_repl.js,browser,other/ambiguous,187,29,36,187,False,False,True,False,True
172,thread-1,172,6486,cua_repl.js,browser,other/ambiguous,261,36,43,261,False,False,False,False,True
173,thread-1,173,6512,cua_repl.js,browser,other/ambiguous,187,40,47,187,False,False,True,False,True
174,thread-1,174,6538,cua_repl.js,browser,other/ambiguous,763,62,69,763,False,False,False,False,True
175,thread-1,175,6612,cua_repl.js,browser,visibility,187,30,37,187,False,False,True,False,True
176,thread-1,176,6632,element_tree,native,fresh,156,59,66,128,False,False,False,False,True
177,thread-1,177,6647,element_tree,native,fresh,132,61,68,104,False,False,False,False,True
178,thread-1,178,6662,cua_repl.js,browser,visibility,0,53,60,0,False,False,False,True,True
179,thread-1,179,6720,resolve_target,native,default,203,55,59,203,False,False,False,False,True
180,thread-1,180,6734,inspect_model,native,full,207,61,67,150,False,False,False,False,True
181,thread-1,181,6749,evaluate,native,custom,143,156,166,143,False,True,False,False,True
182,thread-1,182,6772,cua_repl.js,browser,visibility,1401,46,53,1401,False,False,False,False,True
183,thread-1,183,6959,cua_repl.js,browser,other/ambiguous,577,57,64,577,False,False,False,False,True
184,thread-1,184,7014,cua_repl.js,browser,motion,463,25,32,463,False,False,False,False,True
185,thread-1,185,7062,cua_repl.js,browser,motion,,16,23,,False,False,True,False,False
186,thread-1,186,7075,cua_repl.js,browser,other/ambiguous,198,31,38,198,False,False,True,False,True
187,thread-1,187,7096,cua_repl.js,browser,motion,193,22,29,193,False,False,True,False,True
188,thread-1,188,7116,cua_repl.js,browser,motion,769,75,82,769,False,False,False,False,True
189,thread-1,189,7168,cua_repl.js,browser,visibility,187,76,83,187,False,False,True,False,True
190,thread-1,190,7215,element_tree,native,fresh,161,59,66,133,False,False,False,False,True
191,thread-1,191,7249,inspect_model,native,full,1561,60,66,1495,False,False,False,False,True
192,thread-1,192,7264,evaluate,native,custom,683,141,151,619,False,False,False,False,True
193,thread-1,193,7294,cua_repl.js,browser,visibility,973,42,49,973,False,False,False,False,True
194,thread-1,194,7431,cua_repl.js,browser,other/ambiguous,334,17,24,334,False,False,False,False,True
195,thread-1,195,7472,cua_repl.js,browser,other/ambiguous,352,104,111,352,False,False,False,False,True
196,thread-1,196,7513,cua_repl.js,browser,visibility,411,52,59,411,False,False,False,False,True
197,thread-1,197,7538,cua_repl.js,browser,visibility,1190,18,25,1190,False,False,False,False,True
198,thread-1,198,7670,cua_repl.js,browser,visibility,316,84,91,316,False,False,False,False,True
199,thread-1,199,7706,cua_repl.js,browser,visibility,469,55,62,469,False,False,False,False,True
200,thread-1,200,7731,cua_repl.js,browser,visibility,992,20,27,992,False,False,False,False,True
201,thread-1,201,7857,cua_repl.js,browser,visibility,439,88,95,439,False,False,False,False,True
202,thread-1,202,7905,cua_repl.js,browser,visibility,217,26,33,217,False,False,False,False,True
203,thread-1,203,7925,cua_repl.js,browser,visibility,2791,69,76,2791,False,False,False,False,True
204,thread-1,204,7989,cua_repl.js,browser,visibility,58,170,177,58,True,False,False,False,True
205,thread-1,205,8008,cua_repl.js,browser,visibility,6,130,137,6,False,False,False,False,True
206,thread-1,206,8023,cua_repl.js,browser,visibility,106,89,96,106,False,False,False,False,True
207,thread-1,207,8050,cua_repl.js,browser,visibility,546,80,87,546,False,False,False,False,True
208,thread-1,208,8120,cua_repl.js,browser,visibility,0,46,53,0,False,False,False,True,True
209,thread-1,209,8135,cua_repl.js,browser,visibility,86,124,131,86,False,False,True,False,True
210,thread-2,1,250,cua_repl.js,browser,other/ambiguous,1461,17,24,1461,False,False,False,False,True
211,thread-2,2,563,cua_repl.js,browser,other/ambiguous,2695,27,34,2695,False,False,False,False,True
212,thread-2,3,855,cua_repl.js,browser,other/ambiguous,28,23,30,28,True,False,False,False,True
213,thread-2,4,868,cua_repl.js,browser,other/ambiguous,227,16,23,227,False,False,False,False,True
214,thread-2,5,916,cua_repl.js,browser,other/ambiguous,28,24,31,28,True,False,False,False,True
215,thread-2,6,937,onshape_cad.api_catalog,official-api,search,72,6,10,72,False,False,False,False,True
216,thread-2,7,953,onshape_cad.api_catalog,official-api,schema:getDocuments,693,6,10,693,False,False,False,False,True
217,thread-2,8,967,onshape_cad.api_read,official-api,getDocuments,1391,21,39,1391,False,False,False,False,True
218,thread-2,9,986,onshape_cad.api_catalog,official-api,search,26,7,11,26,False,False,False,False,True
219,thread-2,10,1000,onshape_cad.api_catalog,official-api,search,237,5,9,237,False,False,False,False,True
220,thread-2,11,1014,onshape_cad.api_catalog,official-api,search,55,6,10,55,False,False,False,False,True
221,thread-2,12,1028,onshape_cad.api_catalog,official-api,schema:getElementsInDocument,568,8,12,568,False,False,False,False,True
222,thread-2,13,1042,onshape_cad.api_read,official-api,getElementsInDocument,136,53,73,136,False,True,False,False,True
223,thread-2,14,1062,onshape_cad.artifact_page,official-api,pointer:root/other,37,44,51,37,False,True,False,False,True
224,thread-2,15,1077,onshape_cad.artifact_page,official-api,pointer:root/other,37,48,58,37,False,True,False,False,True
225,thread-2,16,1093,onshape_cad.artifact_page,official-api,pointer:root/other,37,48,58,37,False,True,False,False,True
226,thread-2,17,1109,onshape_cad.artifact_page,official-api,pointer:root/other,37,48,58,37,False,True,False,False,True
227,thread-2,18,1125,onshape_cad.artifact_page,official-api,pointer:root/other,37,48,58,37,False,True,False,False,True
228,thread-2,19,1141,onshape_cad.artifact_page,official-api,pointer:root/other,37,48,58,37,False,True,False,False,True
229,thread-2,20,1157,onshape_cad.artifact_page,official-api,pointer:root/other,37,48,58,37,False,True,False,False,True
230,thread-2,21,1173,onshape_cad.artifact_page,official-api,pointer:root/other,37,48,58,37,False,True,False,False,True
231,thread-2,22,1189,onshape_cad.artifact_page,official-api,pointer:root/other,37,48,58,37,False,True,False,False,True
232,thread-2,23,1205,onshape_cad.artifact_page,official-api,pointer:root/other,37,48,58,37,False,True,False,False,True
233,thread-2,24,1221,onshape_cad.artifact_page,official-api,pointer:root/other,37,48,58,37,False,True,False,False,True
234,thread-2,25,1237,onshape_cad.artifact_page,official-api,pointer:root/other,37,48,58,37,False,True,False,False,True
235,thread-2,26,1253,onshape_cad.artifact_page,official-api,pointer:root/other,576,48,58,576,False,False,False,False,True
236,thread-2,27,1277,onshape_cad.inspect_model,official-api,full,1591,56,60,1591,False,False,False,False,True
237,thread-2,28,1291,onshape_cad.inspect_model,official-api,full,253,58,62,253,False,False,False,False,True
238,thread-2,29,1305,onshape_cad.inspect_model,official-api,full,243,57,61,243,False,False,False,False,True
239,thread-2,30,1323,onshape_cad.api_catalog,official-api,schema:getFeatureStudioContents,299,8,12,299,False,False,False,False,True
240,thread-2,31,1337,onshape_cad.api_catalog,official-api,schema:createFeatureStudio,284,7,11,284,False,False,False,False,True
241,thread-2,32,1351,onshape_cad.api_catalog,official-api,schema:createPartStudio,306,7,11,306,False,False,False,False,True
242,thread-2,33,1365,onshape_cad.api_catalog,official-api,schema:updateFeatureStudioContents,327,8,12,327,False,False,False,False,True
243,thread-2,34,1379,onshape_cad.api_catalog,official-api,schema:getFeatureStudioSpecs,301,8,12,301,False,False,False,False,True
244,thread-2,35,1395,onshape_cad.api_read,official-api,getFeatureStudioContents,1042,72,94,1042,False,False,False,False,True
245,thread-2,36,1416,onshape_cad.api_catalog,official-api,schema:BTFeatureStudioContents-2239,171,11,15,171,False,False,False,False,True
246,thread-2,37,1430,onshape_cad.api_catalog,official-api,schema:BTModelElementParams,125,8,12,125,False,False,False,False,True
247,thread-2,38,1444,onshape_cad.evaluate,official-api,topology,166,82,94,166,False,False,False,False,True
248,thread-2,39,1461,onshape_cad.evaluate,official-api,topology,1429,67,79,1429,False,False,False,False,True
249,thread-2,40,1480,onshape_cad.evaluate,official-api,topology,1338,71,86,1338,False,False,False,False,True
250,thread-2,41,1498,onshape_cad.evaluate,official-api,topology,1813,68,80,1813,False,False,False,False,True
251,thread-2,42,1515,onshape_cad.evaluate,official-api,topology,3083,71,83,3083,False,False,False,False,True
252,thread-2,43,1532,onshape_cad.api_catalog,official-api,schema:BTFeatureApiBase-1430,645,11,15,645,False,False,False,False,True
253,thread-2,44,1554,onshape_cad.evaluate,official-api,custom,1799,171,181,1799,False,False,False,False,True
254,thread-2,45,1570,onshape_cad.api_catalog,official-api,schema:getPartStudioFeatureSpecs,371,9,13,371,False,False,False,False,True
255,thread-2,46,1584,onshape_cad.api_read,official-api,getFeatureStudioSpecs,14,72,94,14,True,False,False,False,True
256,thread-2,47,1603,onshape_cad.evaluate,official-api,custom,404,171,181,404,False,False,False,False,True
257,thread-2,48,1619,onshape_cad.api_write,official-api,createPartStudio,241,53,75,241,False,False,False,False,True
258,thread-2,49,1640,onshape_cad.inspect_model,official-api,full,157,56,60,157,False,False,False,False,True
259,thread-2,50,1660,onshape_cad.feature,official-api,add,118,1953,2920,118,False,False,False,False,True
260,thread-2,51,2082,onshape_cad.inspect_model,official-api,full,247,56,60,247,False,False,False,False,True
261,thread-2,52,2096,onshape_cad.artifact_page,official-api,pointer:/featureState,31,56,62,31,False,False,False,False,True
262,thread-2,53,2111,onshape_cad.artifact_page,official-api,pointer:/feature_errors,14,46,52,14,True,False,False,False,True
263,thread-2,54,2126,onshape_cad.api_catalog,official-api,search,77,7,11,77,False,False,False,False,True
264,thread-2,55,2140,onshape_cad.api_catalog,official-api,schema:getFeatureScriptRepresentation,622,8,12,622,False,False,False,False,True
265,thread-2,56,2158,onshape_cad.feature,official-api,add,116,1322,1970,116,False,False,False,False,True
266,thread-2,57,2445,onshape_cad.inspect_model,official-api,full,244,56,60,244,False,False,False,False,True
267,thread-2,58,2459,onshape_cad.api_write,official-api,createFeatureStudio,234,53,75,234,False,False,False,False,True
268,thread-2,59,2480,onshape_cad.inspect_model,official-api,full,352,60,66,352,False,False,False,False,True
269,thread-2,60,2495,onshape_cad.feature,official-api,add,115,689,1018,115,False,False,False,False,True
270,thread-2,61,2647,onshape_cad.api_read,official-api,getFeatureStudioContents,203,66,87,203,False,False,False,False,True
271,thread-2,62,2667,onshape_cad.inspect_model,official-api,full,243,56,60,243,False,False,False,False,True
272,thread-2,63,2691,onshape_cad.api_write,official-api,updateFeatureStudioContents,183,2427,2460,183,False,True,False,False,True
273,thread-2,64,2722,onshape_cad.api_read,official-api,getFeatureStudioSpecs,2170,66,87,2170,False,False,False,False,True
274,thread-2,65,2742,onshape_cad.inspect_model,official-api,full,450,60,66,450,False,False,False,False,True
275,thread-2,66,2757,onshape_cad.feature,official-api,add,107,474,668,107,False,False,False,False,True
276,thread-2,67,2852,onshape_cad.inspect_model,official-api,full,253,56,60,253,False,False,False,False,True
277,thread-2,68,2870,onshape_cad.api_catalog,official-api,search,253,6,10,253,False,False,False,False,True
278,thread-2,69,2884,onshape_cad.evaluate,official-api,custom,151,84,94,151,False,False,False,False,True
279,thread-2,70,2902,onshape_cad.evaluate,official-api,custom,156,84,94,156,False,False,False,False,True
280,thread-2,71,2920,onshape_cad.api_read,official-api,getFeatureStudioContents,127,74,96,127,False,False,False,False,True
281,thread-2,72,2947,onshape_cad.api_write,official-api,updateFeatureStudioContents,152,2432,2465,152,False,True,False,False,True
282,thread-2,73,2972,onshape_cad.api_read,official-api,getFeatureStudioSpecs,146,77,99,146,False,False,False,False,True
283,thread-2,74,2993,onshape_cad.inspect_model,official-api,full,516,60,66,516,False,False,False,False,True
284,thread-2,75,3008,onshape_cad.feature,official-api,add,120,262,364,120,False,False,False,False,True
285,thread-2,76,3064,onshape_cad.inspect_model,official-api,full,238,56,60,238,False,False,False,False,True
286,thread-2,77,3080,onshape_cad.render_views,official-api,default,17,47,60,17,True,False,False,False,True
287,thread-2,78,3096,onshape_cad.evaluate,official-api,custom,212,201,211,212,False,False,False,False,True
288,thread-2,79,3112,onshape_cad.render_views,official-api,default,103,46,59,103,False,False,True,False,True
289,thread-2,80,3134,onshape_cad.evaluate,official-api,custom,159,183,192,159,False,True,False,False,True
290,thread-2,81,3150,onshape_cad.api_catalog,official-api,search,232,7,11,232,False,False,False,False,True
291,thread-2,82,3166,onshape_cad.api_catalog,official-api,schema:getPartStudioShadedViews,1171,10,14,1171,False,False,False,False,True
292,thread-2,83,3188,onshape_cad.api_read,official-api,getFeatureStudioContents,130,74,96,130,False,False,False,False,True
293,thread-2,84,3215,onshape_cad.api_write,official-api,updateFeatureStudioContents,163,2784,2817,163,False,True,False,False,True
294,thread-2,85,3240,onshape_cad.inspect_model,official-api,previous-snapshot,208,91,98,208,False,False,False,False,True
295,thread-2,86,3257,onshape_cad.evaluate,official-api,custom,452,341,351,452,False,False,False,False,True
296,thread-2,87,3273,onshape_cad.evaluate,official-api,custom,528,335,345,528,False,False,False,False,True
297,thread-2,88,3289,onshape_cad.evaluate,official-api,custom,404,315,325,404,False,False,False,False,True
298,thread-2,89,3314,onshape_cad.api_read,official-api,getPartStudioShadedViews,144,160,202,144,False,True,False,False,True
299,thread-2,90,3360,onshape_cad.render_views,official-api,default,98,52,65,98,False,False,True,False,True
300,thread-2,91,3413,onshape_cad.inspect_model,official-api,full,240,56,60,240,False,False,False,False,True
301,thread-2,92,3427,onshape_cad.api_catalog,official-api,search,55,8,12,55,False,False,False,False,True
302,thread-2,93,3441,onshape_cad.api_catalog,official-api,schema:getElementsInDocument,568,8,12,568,False,False,False,False,True
303,thread-2,94,3455,onshape_cad.api_read,official-api,getElementsInDocument,327,53,73,327,False,False,False,False,True
304,thread-2,95,3481,onshape_cad.inspect_model,official-api,full,251,55,59,251,False,False,False,False,True
305,thread-2,96,3495,onshape_cad.evaluate,official-api,topology,2801,68,80,2801,False,False,False,False,True
306,thread-2,97,3514,onshape_cad.evaluate,official-api,topology,2628,63,75,2628,False,False,False,False,True
307,thread-2,98,3558,onshape_cad.inspect_model,official-api,full,252,57,61,252,False,False,False,False,True
308,thread-2,99,3572,onshape_cad.api_catalog,official-api,schema:updateFeatureStudioContents,327,8,12,327,False,False,False,False,True
309,thread-2,100,3586,onshape_cad.api_catalog,official-api,schema:getFeatureStudioContents,299,8,12,299,False,False,False,False,True
310,thread-2,101,3602,onshape_cad.api_read,official-api,getFeatureStudioContents,123,74,96,123,False,False,False,False,True
311,thread-2,102,3623,onshape_cad.api_catalog,official-api,schema:getFeatureStudioSpecs,301,8,12,301,False,False,False,False,True
312,thread-2,103,3639,onshape_cad.api_catalog,official-api,schema:BTFeatureStudioContents-2239,171,11,15,171,False,False,False,False,True
313,thread-2,104,3653,onshape_cad.evaluate,official-api,custom,789,178,188,789,False,False,False,False,True
314,thread-2,105,3671,onshape_cad.feature,official-api,add,111,1948,2915,111,False,False,False,False,True
315,thread-2,106,4093,onshape_cad.inspect_model,official-api,full,254,57,61,254,False,False,False,False,True
316,thread-2,107,4107,onshape_cad.evaluate,official-api,custom,559,189,199,559,False,False,False,False,True
317,thread-2,108,4131,onshape_cad.feature,official-api,add,114,1314,1962,114,False,False,False,False,True
318,thread-2,109,4418,onshape_cad.inspect_model,official-api,full,212,61,67,212,False,False,False,False,True
319,thread-2,110,4439,onshape_cad.feature,official-api,add,108,676,1005,108,False,False,False,False,True
320,thread-2,111,4599,onshape_cad.api_read,official-api,getFeatureStudioContents,129,74,96,129,False,False,False,False,True
321,thread-2,112,4620,onshape_cad.api_write,official-api,updateFeatureStudioContents,163,5540,5573,163,False,True,False,False,True
322,thread-2,113,4645,onshape_cad.api_read,official-api,getFeatureStudioSpecs,144,77,102,144,False,True,False,False,True
323,thread-2,114,4667,onshape_cad.inspect_model,official-api,full,252,57,61,252,False,False,False,False,True
324,thread-2,115,4685,onshape_cad.feature,official-api,add,298,903,1264,298,False,False,False,False,True
325,thread-2,116,4852,onshape_cad.inspect_model,official-api,full,252,57,61,252,False,False,False,False,True
326,thread-2,117,4868,onshape_cad.evaluate,official-api,custom,143,303,313,143,False,True,False,False,True
327,thread-2,118,4906,onshape_cad.api_read,official-api,getFeatureStudioContents,128,74,96,128,False,False,False,False,True
328,thread-2,119,4927,onshape_cad.api_write,official-api,updateFeatureStudioContents,150,5725,5758,150,False,True,False,False,True
329,thread-2,120,4952,onshape_cad.inspect_model,official-api,full,264,57,61,264,False,False,False,False,True
330,thread-2,121,4968,onshape_cad.evaluate,official-api,custom,974,243,253,974,False,False,False,False,True
331,thread-2,122,4986,onshape_cad.api_catalog,official-api,search,253,6,10,253,False,False,False,False,True
332,thread-2,123,5002,onshape_cad.evaluate,official-api,custom,137,88,97,137,False,False,False,False,True
333,thread-2,124,5026,onshape_cad.api_read,official-api,getFeatureStudioContents,117,74,96,117,False,False,False,False,True
334,thread-2,125,5047,onshape_cad.api_write,official-api,updateFeatureStudioContents,167,5730,5763,167,False,True,False,False,True
335,thread-2,126,5072,onshape_cad.inspect_model,official-api,full,249,57,61,249,False,False,False,False,True
336,thread-2,127,5088,onshape_cad.evaluate,official-api,custom,147,239,249,147,False,True,False,False,True
337,thread-2,128,5106,onshape_cad.render_views,official-api,default,100,52,65,100,False,False,True,False,True
338,thread-2,129,5126,onshape_cad.evaluate,official-api,custom,281,507,517,281,False,False,False,False,True
339,thread-2,130,5142,onshape_cad.evaluate,official-api,custom,142,269,279,142,False,True,False,False,True
340,thread-2,131,5160,onshape_cad.evaluate,official-api,custom,142,119,129,142,False,True,False,False,True
341,thread-2,132,5176,onshape_cad.evaluate,official-api,custom,245,319,329,245,False,False,False,False,True
342,thread-2,133,5206,onshape_cad.api_read,official-api,getFeatureStudioContents,129,74,96,129,False,False,False,False,True
343,thread-2,134,5227,onshape_cad.api_write,official-api,updateFeatureStudioContents,165,6337,6370,165,False,True,False,False,True
344,thread-2,135,5252,onshape_cad.inspect_model,official-api,full,260,57,61,260,False,False,False,False,True
345,thread-2,136,5268,onshape_cad.api_catalog,official-api,search,253,6,10,253,False,False,False,False,True
346,thread-2,137,5282,onshape_cad.evaluate,official-api,custom,153,242,252,153,False,True,False,False,True
347,thread-2,138,5298,onshape_cad.api_catalog,official-api,schema:updateWVEPMetadata,801,8,12,801,False,False,False,False,True
348,thread-2,139,5312,onshape_cad.api_catalog,official-api,schema:getWMVEPMetadata,930,9,13,930,False,False,False,False,True
349,thread-2,140,5330,onshape_cad.api_read,official-api,getWMVEPMetadata,680,88,119,680,False,False,False,False,True
350,thread-2,141,5354,onshape_cad.evaluate,official-api,custom,308,437,447,308,False,False,False,False,True
351,thread-2,142,5372,onshape_cad.api_write,official-api,updateWVEPMetadata,216,123,166,216,False,False,False,False,True
352,thread-2,143,5402,onshape_cad.api_write,official-api,updateWVEPMetadata,223,123,166,223,False,False,False,False,True
353,thread-2,144,5432,onshape_cad.api_write,official-api,updateWVEPMetadata,220,119,162,220,False,False,False,False,True
354,thread-2,145,5465,onshape_cad.inspect_model,official-api,full,256,57,61,256,False,False,False,False,True
355,thread-2,146,5515,onshape_cad.inspect_model,official-api,full,245,57,61,245,False,False,False,False,True
356,thread-2,147,5537,onshape_cad.api_read,official-api,getFeatureStudioContents,133,74,96,133,False,False,False,False,True
357,thread-2,148,5570,onshape_cad.api_write,official-api,updateFeatureStudioContents,153,6948,6981,153,False,True,False,False,True
358,thread-2,149,5595,onshape_cad.inspect_model,official-api,full,257,57,61,257,False,False,False,False,True
359,thread-2,150,5611,onshape_cad.evaluate,official-api,custom,147,294,304,147,False,True,False,False,True
360,thread-2,151,5627,onshape_cad.evaluate,official-api,custom,142,86,95,142,False,False,False,False,True
361,thread-2,152,5645,onshape_cad.evaluate,official-api,custom,156,124,134,156,False,False,False,False,True
362,thread-2,153,5669,onshape_cad.api_read,official-api,getFeatureStudioContents,118,74,96,118,False,False,False,False,True
363,thread-2,154,5690,onshape_cad.api_write,official-api,updateFeatureStudioContents,161,6949,6982,161,False,True,False,False,True
364,thread-2,155,5715,onshape_cad.inspect_model,official-api,full,245,57,61,245,False,False,False,False,True
365,thread-2,156,5731,onshape_cad.evaluate,official-api,custom,148,289,299,148,False,True,False,False,True
366,thread-2,157,5749,onshape_cad.evaluate,official-api,custom,871,366,376,871,False,False,False,False,True
367,thread-2,158,5765,onshape_cad.evaluate,official-api,custom,288,364,374,288,False,False,False,False,True
368,thread-2,159,5781,onshape_cad.evaluate,official-api,custom,192,374,384,192,False,False,False,False,True
369,thread-2,160,5805,onshape_cad.api_read,official-api,getFeatureStudioContents,123,74,96,123,False,False,False,False,True
370,thread-2,161,5826,onshape_cad.api_write,official-api,updateFeatureStudioContents,159,6963,6996,159,False,True,False,False,True
371,thread-2,162,5851,onshape_cad.inspect_model,official-api,full,258,57,61,258,False,False,False,False,True
372,thread-2,163,5865,onshape_cad.api_catalog,official-api,schema:getPartStudioShadedViews,1171,10,14,1171,False,False,False,False,True
373,thread-2,164,5879,onshape_cad.api_read,official-api,getPartStudioShadedViews,135,156,201,135,False,True,False,False,True
374,thread-2,165,5910,onshape_cad.evaluate,official-api,custom,280,323,333,280,False,False,False,False,True
375,thread-2,166,5938,onshape_cad.evaluate,official-api,custom,280,360,370,280,False,False,False,False,True
376,thread-2,167,5954,onshape_cad.api_read,official-api,getPartStudioShadedViews,139,156,201,139,False,True,False,False,True
377,thread-2,168,6041,onshape_cad.inspect_model,official-api,full,239,57,61,239,False,False,False,False,True
378,thread-2,169,6061,onshape_cad.api_catalog,official-api,schema:updateFeatureStudioContents,327,8,12,327,False,False,False,False,True
379,thread-2,170,6075,onshape_cad.api_read,official-api,getFeatureStudioContents,124,74,96,124,False,False,False,False,True
380,thread-2,171,6100,onshape_cad.api_catalog,official-api,schema:BTFeatureStudioContents-2239,171,11,15,171,False,False,False,False,True
381,thread-2,172,6128,onshape_cad.api_write,official-api,updateFeatureStudioContents,162,7149,7182,162,False,True,False,False,True
382,thread-2,173,6153,onshape_cad.inspect_model,official-api,full,246,57,61,246,False,False,False,False,True
383,thread-2,174,6167,onshape_cad.feature,official-api,edit,312,122,175,312,False,False,False,False,True
384,thread-2,175,6202,onshape_cad.inspect_model,official-api,full,251,57,61,251,False,False,False,False,True
385,thread-2,176,6216,onshape_cad.evaluate,official-api,custom,143,323,332,143,False,True,False,False,True
386,thread-2,177,6234,onshape_cad.render_views,official-api,default,111,52,65,111,False,False,True,False,True
387,thread-2,178,6256,onshape_cad.api_catalog,official-api,schema:getPartStudioShadedViews,1171,10,14,1171,False,False,False,False,True
388,thread-2,179,6272,onshape_cad.evaluate,official-api,custom,367,477,486,367,False,False,False,False,True
389,thread-2,180,6288,onshape_cad.api_read,official-api,getPartStudioShadedViews,14,155,199,14,True,False,False,False,True
390,thread-2,181,6321,onshape_cad.evaluate,official-api,custom,215,452,461,215,False,False,False,False,True
391,thread-2,182,6337,onshape_cad.api_read,official-api,getPartStudioShadedViews,22,154,199,22,True,False,False,False,True
392,thread-2,183,6366,onshape_cad.api_read,official-api,getPartStudioShadedViews,132,154,199,132,False,True,False,False,True
393,thread-2,184,6403,onshape_cad.api_read,official-api,getPartStudioShadedViews,137,152,197,137,False,True,False,False,True
394,thread-2,185,6473,onshape_cad.inspect_model,official-api,full,256,57,61,256,False,False,False,False,True
395,thread-2,186,6487,onshape_cad.api_read,official-api,getFeatureStudioContents,140,74,96,140,False,False,False,False,True
396,thread-2,187,6510,onshape_cad.evaluate,official-api,custom,1197,312,321,1197,False,False,False,False,True
397,thread-2,188,6528,onshape_cad.evaluate,official-api,custom,140,312,321,140,False,True,False,False,True
398,thread-2,189,6560,onshape_cad.api_write,official-api,updateFeatureStudioContents,167,7301,7334,167,False,True,False,False,True
399,thread-2,190,6585,onshape_cad.inspect_model,official-api,full,244,57,61,244,False,False,False,False,True
400,thread-2,191,6599,onshape_cad.evaluate,official-api,custom,843,558,567,843,False,False,False,False,True
401,thread-2,192,6617,onshape_cad.evaluate,official-api,custom,1883,580,589,1883,False,False,False,False,True
402,thread-2,193,6633,onshape_cad.api_read,official-api,getPartStudioShadedViews,143,152,197,143,False,True,False,False,True
403,thread-2,194,6680,onshape_cad.api_write,official-api,updateFeatureStudioContents,161,8114,8147,161,False,True,False,False,True
404,thread-2,195,6705,onshape_cad.inspect_model,official-api,full,256,57,61,256,False,False,False,False,True
405,thread-2,196,6727,onshape_cad.api_write,official-api,updateFeatureStudioContents,158,8116,8149,158,False,True,False,False,True
406,thread-2,197,6752,onshape_cad.inspect_model,official-api,full,243,57,61,243,False,False,False,False,True
407,thread-2,198,6782,onshape_cad.api_read,official-api,getFeatureStudioContents,124,74,96,124,False,False,False,False,True
408,thread-2,199,6811,onshape_cad.api_write,official-api,updateFeatureStudioContents,159,7302,7335,159,False,True,False,False,True
409,thread-2,200,6836,onshape_cad.inspect_model,official-api,full,249,57,61,249,False,False,False,False,True
410,thread-2,201,6878,onshape_cad.inspect_model,official-api,full,242,57,61,242,False,False,False,False,True
411,thread-2,202,6892,onshape_cad.evaluate,official-api,custom,144,534,543,144,False,False,False,False,True
412,thread-2,203,6908,onshape_cad.api_read,official-api,getFeatureStudioContents,125,74,96,125,False,False,False,False,True
413,thread-2,204,6943,onshape_cad.api_write,official-api,updateFeatureStudioContents,165,7310,7343,165,False,True,False,False,True
414,thread-2,205,6968,onshape_cad.inspect_model,official-api,full,262,57,61,262,False,False,False,False,True
415,thread-2,206,6982,onshape_cad.evaluate,official-api,custom,290,349,358,290,False,False,False,False,True
416,thread-2,207,7028,onshape_cad.inspect_model,official-api,full,260,57,61,260,False,False,False,False,True
417,thread-2,208,7042,onshape_cad.evaluate,official-api,custom,1217,221,231,1217,False,False,False,False,True
418,thread-2,209,7058,onshape_cad.api_read,official-api,getFeatureStudioContents,132,74,96,132,False,False,False,False,True
419,thread-2,210,7087,onshape_cad.api_write,official-api,updateFeatureStudioContents,157,7505,7538,157,False,True,False,False,True
420,thread-2,211,7112,onshape_cad.inspect_model,official-api,full,255,57,61,255,False,False,False,False,True
421,thread-2,212,7126,onshape_cad.evaluate,official-api,custom,389,516,525,389,False,False,False,False,True
422,thread-2,213,7144,onshape_cad.api_read,official-api,getPartStudioShadedViews,142,137,180,142,False,True,False,False,True
423,thread-2,214,7204,onshape_cad.inspect_model,official-api,full,252,57,61,252,False,False,False,False,True
424,thread-2,215,7218,onshape_cad.evaluate,official-api,custom,722,451,460,722,False,False,False,False,True
425,thread-2,216,7234,onshape_cad.evaluate,official-api,custom,199,236,245,199,False,False,False,False,True
426,thread-2,217,7250,onshape_cad.evaluate,official-api,custom,150,363,372,150,False,False,False,False,True
427,thread-2,218,7291,onshape_cad.inspect_model,official-api,full,245,57,61,245,False,False,False,False,True
428,thread-2,219,7305,onshape_cad.api_read,official-api,getFeatureStudioContents,123,74,96,123,False,False,False,False,True
429,thread-2,220,7340,onshape_cad.api_write,official-api,updateFeatureStudioContents,167,7701,7734,167,False,True,False,False,True
430,thread-2,221,7365,onshape_cad.inspect_model,official-api,full,253,57,61,253,False,False,False,False,True
431,thread-2,222,7379,onshape_cad.evaluate,official-api,custom,838,562,571,838,False,False,False,False,True
432,thread-2,223,7429,onshape_cad.inspect_model,official-api,full,267,55,59,267,False,False,False,False,True
433,thread-2,224,7443,onshape_cad.inspect_model,official-api,full,251,57,61,251,False,False,False,False,True
434,thread-2,225,7457,onshape_cad.api_catalog,official-api,search,48,8,12,48,False,False,False,False,True
435,thread-2,226,7473,onshape_cad.api_catalog,official-api,schema:getDocumentWorkspaces,224,8,12,224,False,False,False,False,True
436,thread-2,227,7487,onshape_cad.api_catalog,official-api,schema:getElementsInDocument,568,8,12,568,False,False,False,False,True
437,thread-2,228,7503,onshape_cad.api_read,official-api,getDocumentWorkspaces,900,28,42,900,False,False,False,False,True
438,thread-2,229,7521,onshape_cad.api_read,official-api,getElementsInDocument,320,63,90,320,False,False,False,False,True
439,thread-2,230,7552,onshape_cad.evaluate,official-api,select,153,96,109,153,False,False,False,False,True
440,thread-2,231,7575,onshape_cad.api_catalog,official-api,search,50,6,10,50,False,False,False,False,True
441,thread-2,232,7589,onshape_cad.api_catalog,official-api,search,101,5,9,101,False,False,False,False,True
442,thread-2,233,7603,onshape_cad.api_catalog,official-api,schema:copyElementFromSourceDocument,333,9,13,333,False,False,False,False,True
443,thread-2,234,7617,onshape_cad.api_catalog,official-api,schema:BTCopyElementParams,159,8,12,159,False,False,False,False,True
444,thread-2,235,7631,onshape_cad.api_write,official-api,copyElementFromSourceDocument,247,119,150,247,False,False,False,False,True
445,thread-2,236,7655,onshape_cad.inspect_model,official-api,full,259,55,59,259,False,False,False,False,True
446,thread-2,237,7669,onshape_cad.api_catalog,official-api,search,50,6,10,50,False,False,False,False,True
447,thread-2,238,7685,onshape_cad.api_catalog,official-api,search,253,6,10,253,False,False,False,False,True
448,thread-2,239,7699,onshape_cad.inspect_model,official-api,full,253,57,61,253,False,False,False,False,True
449,thread-2,240,7715,onshape_cad.feature,official-api,add,115,716,1045,115,False,False,False,False,True
450,thread-2,241,7867,onshape_cad.api_catalog,official-api,schema:updateWVEMetadata,379,8,12,379,False,False,False,False,True
451,thread-2,242,7881,onshape_cad.inspect_model,official-api,full,253,57,61,253,False,False,False,False,True
452,thread-2,243,7897,onshape_cad.api_write,official-api,updateWVEMetadata,196,97,134,196,False,False,False,False,True
453,thread-2,244,7925,onshape_cad.evaluate,official-api,custom,1957,131,140,1957,False,False,False,False,True
454,thread-2,245,7941,onshape_cad.evaluate,official-api,custom,900,208,217,900,False,False,False,False,True
455,thread-2,246,7957,onshape_cad.render_views,official-api,default,104,53,68,104,False,False,True,False,True
456,thread-2,247,7978,onshape_cad.api_catalog,official-api,schema:updateWVEPMetadata,801,8,12,801,False,False,False,False,True
457,thread-2,248,7998,onshape_cad.evaluate,official-api,custom,384,274,283,384,False,False,False,False,True
458,thread-2,249,8014,onshape_cad.api_write,official-api,updateWVEPMetadata,206,118,161,206,False,False,False,False,True
459,thread-2,250,8044,onshape_cad.api_write,official-api,updateWVEPMetadata,206,118,161,206,False,False,False,False,True
460,thread-2,251,8074,onshape_cad.api_write,official-api,updateWVEPMetadata,226,115,158,226,False,False,False,False,True
461,thread-2,252,8108,onshape_cad.inspect_model,official-api,full,218,61,67,218,False,False,False,False,True
462,thread-2,253,8140,onshape_cad.api_read,official-api,getElementsInDocument,338,53,73,338,False,False,False,False,True
463,thread-2,254,8160,onshape_cad.api_catalog,official-api,search,46,6,10,46,False,False,False,False,True
464,thread-2,255,8174,onshape_cad.api_catalog,official-api,search,110,6,10,110,False,False,False,False,True
465,thread-2,256,8190,onshape_cad.api_catalog,official-api,schema:deleteElement,252,6,10,252,False,False,False,False,True
466,thread-2,257,8204,onshape_cad.api_catalog,official-api,schema:createAssembly,271,6,10,271,False,False,False,False,True
467,thread-2,258,8218,onshape_cad.api_catalog,official-api,search,243,6,10,243,False,False,False,False,True
468,thread-2,259,8240,onshape_cad.api_catalog,official-api,schema:createInstance,277,6,10,277,False,False,False,False,True
469,thread-2,260,8254,onshape_cad.api_catalog,official-api,schema:BTModelElementParams,125,8,12,125,False,False,False,False,True
470,thread-2,261,8268,onshape_cad.inspect_model,official-api,full,241,57,61,241,False,False,False,False,True
471,thread-2,262,8282,onshape_cad.api_write,official-api,deleteElement,114,56,74,114,False,False,False,False,True
472,thread-2,263,8301,onshape_cad.api_write,official-api,deleteElement,114,54,72,114,False,False,False,False,True
473,thread-2,264,8320,onshape_cad.api_write,official-api,deleteElement,114,55,73,114,False,False,False,False,True
474,thread-2,265,8339,onshape_cad.api_write,official-api,deleteElement,114,63,81,114,False,False,False,False,True
475,thread-2,266,8358,onshape_cad.api_write,official-api,deleteElement,114,57,75,114,False,False,False,False,True
476,thread-2,267,8377,onshape_cad.api_write,official-api,deleteElement,114,52,70,114,False,False,False,False,True
477,thread-2,268,8396,onshape_cad.api_write,official-api,deleteElement,114,52,70,114,False,False,False,False,True
478,thread-2,269,8415,onshape_cad.api_write,official-api,deleteElement,114,58,76,114,False,False,False,False,True
479,thread-2,270,8434,onshape_cad.api_catalog,official-api,schema:BTAssemblyInstanceDefinitionParams,248,9,13,248,False,False,False,False,True
480,thread-2,271,8448,onshape_cad.api_catalog,official-api,schema:getAssemblyDefinition,636,7,11,636,False,False,False,False,True
481,thread-2,272,8462,onshape_cad.api_catalog,official-api,search,96,6,10,96,False,False,False,False,True
482,thread-2,273,8476,onshape_cad.api_write,official-api,deleteElement,114,56,74,114,False,False,False,False,True
483,thread-2,274,8495,onshape_cad.api_write,official-api,deleteElement,114,55,73,114,False,False,False,False,True
484,thread-2,275,8520,onshape_cad.api_write,official-api,deleteElement,114,56,74,114,False,False,False,False,True
485,thread-2,276,8539,onshape_cad.api_write,official-api,deleteElement,114,58,76,114,False,False,False,False,True
486,thread-2,277,8558,onshape_cad.api_catalog,official-api,schema:insertTransformedInstances,306,8,12,306,False,False,False,False,True
487,thread-2,278,8572,onshape_cad.api_write,official-api,deleteElement,114,58,76,114,False,False,False,False,True
488,thread-2,279,8591,onshape_cad.api_catalog,official-api,search,237,6,10,237,False,False,False,False,True
489,thread-2,280,8605,onshape_cad.api_write,official-api,deleteElement,114,55,73,114,False,False,False,False,True
490,thread-2,281,8624,onshape_cad.api_catalog,official-api,search,240,6,10,240,False,False,False,False,True
491,thread-2,282,8638,onshape_cad.api_write,official-api,deleteElement,114,55,73,114,False,False,False,False,True
492,thread-2,283,8657,onshape_cad.api_write,official-api,deleteElement,114,54,72,114,False,False,False,False,True
493,thread-2,284,8676,onshape_cad.api_catalog,official-api,schema:modify,436,5,9,436,False,False,False,False,True
494,thread-2,285,8690,onshape_cad.api_write,official-api,deleteElement,114,55,73,114,False,False,False,False,True
495,thread-2,286,8709,onshape_cad.api_catalog,official-api,schema:BTAssemblyTransformedInstancesDefinitionParams,136,11,15,136,False,False,False,False,True
496,thread-2,287,8723,onshape_cad.api_write,official-api,deleteElement,114,56,74,114,False,False,False,False,True
497,thread-2,288,8742,onshape_cad.api_write,official-api,deleteElement,114,58,76,114,False,False,False,False,True
498,thread-2,289,8761,onshape_cad.api_catalog,official-api,schema:BTAssemblyModificationParams,444,8,12,444,False,False,False,False,True
499,thread-2,290,8775,onshape_cad.api_write,official-api,deleteElement,114,55,73,114,False,False,False,False,True
500,thread-2,291,8794,onshape_cad.api_catalog,official-api,schema:TransformGroup,169,6,10,169,False,False,False,False,True
501,thread-2,292,8808,onshape_cad.api_write,official-api,deleteElement,114,57,75,114,False,False,False,False,True
502,thread-2,293,8827,onshape_cad.api_write,official-api,deleteElement,114,55,73,114,False,False,False,False,True
503,thread-2,294,8846,onshape_cad.api_write,official-api,deleteElement,114,56,74,114,False,False,False,False,True
504,thread-2,295,8865,onshape_cad.api_write,official-api,deleteElement,114,59,77,114,False,False,False,False,True
505,thread-2,296,8886,onshape_cad.api_write,official-api,deleteElement,114,58,76,114,False,False,False,False,True
506,thread-2,297,8905,onshape_cad.api_catalog,official-api,schema:getFeatures,558,6,10,558,False,False,False,False,True
507,thread-2,298,8919,onshape_cad.api_write,official-api,deleteElement,114,56,74,114,False,False,False,False,True
508,thread-2,299,8938,onshape_cad.api_catalog,official-api,schema:addFeature,334,6,10,334,False,False,False,False,True
509,thread-2,300,8952,onshape_cad.api_write,official-api,deleteElement,114,56,74,114,False,False,False,False,True
510,thread-2,301,8971,onshape_cad.api_write,official-api,deleteElement,114,55,73,114,False,False,False,False,True
511,thread-2,302,8990,onshape_cad.api_write,official-api,deleteElement,114,57,75,114,False,False,False,False,True
512,thread-2,303,9009,onshape_cad.api_write,official-api,deleteElement,114,57,75,114,False,False,False,False,True
513,thread-2,304,9028,onshape_cad.api_read,official-api,getFeatures,136,69,92,136,False,False,False,False,True
514,thread-2,305,9049,onshape_cad.api_write,official-api,deleteElement,114,56,74,114,False,False,False,False,True
515,thread-2,306,9068,onshape_cad.api_catalog,official-api,schema:BTFeatureDefinitionCall-1406,342,11,15,342,False,False,False,False,True
516,thread-2,307,9084,onshape_cad.api_write,official-api,deleteElement,114,59,77,114,False,False,False,False,True
517,thread-2,308,9103,onshape_cad.api_write,official-api,deleteElement,114,55,73,114,False,False,False,False,True
518,thread-2,309,9122,onshape_cad.api_write,official-api,deleteElement,114,55,73,114,False,False,False,False,True
519,thread-2,310,9141,onshape_cad.api_write,official-api,deleteElement,114,55,73,114,False,False,False,False,True
520,thread-2,311,9160,onshape_cad.api_catalog,official-api,schema:BTAssemblyTransformDefinitionParams,174,9,13,174,False,False,False,False,True
521,thread-2,312,9174,onshape_cad.api_write,official-api,deleteElement,114,56,74,114,False,False,False,False,True
522,thread-2,313,9195,onshape_cad.api_write,official-api,deleteElement,114,53,71,114,False,False,False,False,True
523,thread-2,314,9214,onshape_cad.api_write,official-api,deleteElement,114,56,74,114,False,False,False,False,True
524,thread-2,315,9233,onshape_cad.api_write,official-api,deleteElement,114,57,75,114,False,False,False,False,True
525,thread-2,316,9252,onshape_cad.api_write,official-api,deleteElement,114,58,76,114,False,False,False,False,True
526,thread-2,317,9271,onshape_cad.api_write,official-api,deleteElement,114,59,77,114,False,False,False,False,True
527,thread-2,318,9290,onshape_cad.api_write,official-api,deleteElement,114,56,74,114,False,False,False,False,True
528,thread-2,319,9309,onshape_cad.api_write,official-api,deleteElement,114,59,77,114,False,False,False,False,True
529,thread-2,320,9334,onshape_cad.api_write,official-api,deleteElement,114,55,73,114,False,False,False,False,True
530,thread-2,321,9353,onshape_cad.api_write,official-api,deleteElement,114,57,75,114,False,False,False,False,True
531,thread-2,322,9372,onshape_cad.api_catalog,official-api,schema:getFeatureSpecs,292,7,11,292,False,False,False,False,True
532,thread-2,323,9386,onshape_cad.api_write,official-api,deleteElement,114,55,73,114,False,False,False,False,True
533,thread-2,324,9407,onshape_cad.api_write,official-api,deleteElement,114,57,75,114,False,False,False,False,True
534,thread-2,325,9426,onshape_cad.api_write,official-api,deleteElement,114,55,73,114,False,False,False,False,True
535,thread-2,326,9445,onshape_cad.api_write,official-api,deleteElement,114,53,71,114,False,False,False,False,True
536,thread-2,327,9464,onshape_cad.api_write,official-api,deleteElement,114,55,73,114,False,False,False,False,True
537,thread-2,328,9483,onshape_cad.api_write,official-api,deleteElement,114,54,72,114,False,False,False,False,True
538,thread-2,329,9502,onshape_cad.api_write,official-api,deleteElement,114,57,75,114,False,False,False,False,True
539,thread-2,330,9521,onshape_cad.api_write,official-api,deleteElement,114,55,73,114,False,False,False,False,True
540,thread-2,331,9540,onshape_cad.api_write,official-api,deleteElement,11,56,74,11,True,False,False,False,True
541,thread-2,332,9559,onshape_cad.api_read,official-api,getFeatureSpecs,126,70,93,126,False,False,False,False,True
542,thread-2,333,9582,onshape_cad.api_read,official-api,getElementsInDocument,340,74,101,340,False,False,False,False,True
543,thread-2,334,9611,onshape_cad.api_read,official-api,getElementsInDocument,142,62,89,142,False,True,False,False,True
544,thread-2,335,9636,onshape_cad.api_write,official-api,deleteElement,114,56,74,114,False,False,False,False,True
545,thread-2,336,9655,onshape_cad.api_write,official-api,deleteElement,114,59,77,114,False,False,False,False,True
546,thread-2,337,9674,onshape_cad.api_write,official-api,deleteElement,114,58,76,114,False,False,False,False,True
547,thread-2,338,9693,onshape_cad.api_catalog,official-api,search,248,6,10,248,False,False,False,False,True
548,thread-2,339,9707,onshape_cad.api_write,official-api,deleteElement,114,56,74,114,False,False,False,False,True
549,thread-2,340,9726,onshape_cad.api_catalog,official-api,schema:GBTInsertableType,157,8,12,157,False,False,False,False,True
550,thread-2,341,9740,onshape_cad.api_write,official-api,deleteElement,114,54,72,114,False,False,False,False,True
551,thread-2,342,9759,onshape_cad.api_write,official-api,deleteElement,114,53,71,114,False,False,False,False,True
552,thread-2,343,9778,onshape_cad.api_write,official-api,deleteElement,114,58,76,114,False,False,False,False,True
553,thread-2,344,9797,onshape_cad.api_catalog,official-api,schema:getAssemblyShadedViews,802,9,13,802,False,False,False,False,True
554,thread-2,345,9811,onshape_cad.api_write,official-api,deleteElement,114,55,73,114,False,False,False,False,True
555,thread-2,346,9830,onshape_cad.api_write,official-api,deleteElement,114,56,74,114,False,False,False,False,True
556,thread-2,347,9849,onshape_cad.api_write,official-api,deleteElement,114,57,75,114,False,False,False,False,True
557,thread-2,348,9868,onshape_cad.api_write,official-api,deleteElement,114,54,72,114,False,False,False,False,True
558,thread-2,349,9887,onshape_cad.inspect_model,official-api,full,220,61,67,220,False,False,False,False,True
559,thread-2,350,9902,onshape_cad.api_write,official-api,deleteElement,114,59,77,114,False,False,False,False,True
560,thread-2,351,9921,onshape_cad.api_write,official-api,deleteElement,114,56,74,114,False,False,False,False,True
561,thread-2,352,9940,onshape_cad.api_write,official-api,deleteElement,114,55,73,114,False,False,False,False,True
562,thread-2,353,9959,onshape_cad.api_read,official-api,getElementsInDocument,121,62,89,121,False,False,False,False,True
563,thread-2,354,9982,onshape_cad.api_write,official-api,createAssembly,235,50,72,235,False,False,False,False,True
564,thread-2,355,10009,onshape_cad.api_write,official-api,createInstance,114,112,150,114,False,False,False,False,True
565,thread-2,356,10037,onshape_cad.api_read,official-api,getAssemblyDefinition,155,68,91,155,False,True,False,False,True
566,thread-2,357,10062,onshape_cad.api_write,official-api,addFeature,28,2006,2982,28,True,False,False,False,True
567,thread-2,358,10523,onshape_cad.api_write,official-api,addFeature,165,2011,2990,165,False,True,False,False,True
568,thread-2,359,10985,onshape_cad.api_read,official-api,getFeatures,135,67,90,135,False,False,False,False,True
569,thread-2,360,11006,onshape_cad.api_read,official-api,getAssemblyDefinition,156,68,91,156,False,True,False,False,True
570,thread-2,361,11029,onshape_cad.api_read,official-api,getAssemblyShadedViews,131,104,148,131,False,True,False,False,True
571,thread-2,362,11066,onshape_cad.api_read,official-api,getElementsInDocument,321,53,73,321,False,False,False,False,True
572,thread-2,363,11111,onshape_cad.api_catalog,official-api,search,56,7,11,56,False,False,False,False,True
573,thread-2,364,11125,onshape_cad.api_catalog,official-api,search,243,6,10,243,False,False,False,False,True
574,thread-2,365,11139,onshape_cad.api_catalog,official-api,schema:getDocumentContents,558,7,11,558,False,False,False,False,True
575,thread-2,366,11153,onshape_cad.api_read,official-api,getDocumentContents,148,52,72,148,False,True,False,False,True
576,thread-2,367,11194,onshape_cad.api_catalog,official-api,search,49,9,13,49,False,False,False,False,True
577,thread-2,368,11208,onshape_cad.api_catalog,official-api,search,51,9,13,51,False,False,False,False,True
578,thread-2,369,11222,onshape_cad.api_catalog,official-api,schema:getWMVEPMetadata,930,9,13,930,False,False,False,False,True
579,thread-2,370,11236,onshape_cad.api_catalog,official-api,schema:getPartStudioMassProperties,817,9,13,817,False,False,False,False,True
580,thread-2,371,11250,onshape_cad.api_read,official-api,getPartStudioMassProperties,158,88,120,158,False,True,False,False,True
581,thread-2,372,11275,onshape_cad.api_read,official-api,getWMVEPMetadata,167,83,112,167,False,True,False,False,True
582,thread-2,373,11329,onshape_cad.inspect_model,official-api,full,206,61,67,206,False,False,False,False,True
583,thread-2,374,11344,onshape_cad.api_catalog,official-api,schema:updateWVEPMetadata,801,8,12,801,False,False,False,False,True
584,thread-2,375,11364,onshape_cad.api_catalog,official-api,search,276,6,10,276,False,False,False,False,True
585,thread-2,376,11384,onshape_cad.api_read,official-api,getWMVEPMetadata,1182,88,119,1182,False,False,False,False,True
586,thread-2,377,11408,onshape_cad.api_catalog,official-api,schema:BTMetadataPropertyUpdateParams,160,9,13,160,False,False,False,False,True
587,thread-2,378,11422,onshape_cad.api_write,official-api,updateWVEPMetadata,258,196,249,258,False,False,False,False,True
588,thread-2,379,11468,onshape_cad.api_read,official-api,getPartStudioMassProperties,781,102,142,781,False,False,False,False,True
589,thread-2,380,11497,onshape_cad.api_read,official-api,getWMVEPMetadata,282,87,118,282,False,False,False,False,True
590,thread-2,381,11537,onshape_cad.api_read,official-api,getWMVEPMetadata,286,87,118,286,False,False,False,False,True
591,thread-2,382,11565,onshape_cad.api_write,official-api,updateWVEPMetadata,241,234,287,241,False,False,False,False,True
592,thread-2,383,11599,onshape_cad.api_write,official-api,updateWVEPMetadata,239,195,248,239,False,False,False,False,True
593,thread-2,384,11633,onshape_cad.api_read,official-api,getPartStudioMassProperties,138,102,144,138,False,False,False,False,True
594,thread-2,385,11663,onshape_cad.inspect_model,official-api,previous-snapshot,183,98,107,183,False,False,False,False,True
595,thread-2,386,11727,onshape_cad.inspect_model,official-api,full,253,55,59,253,False,False,False,False,True
596,thread-2,387,11741,onshape_cad.inspect_model,official-api,full,1591,56,60,1591,False,False,False,False,True
597,thread-2,388,11755,onshape_cad.inspect_model,official-api,full,253,58,62,253,False,False,False,False,True
598,thread-2,389,11769,onshape_cad.inspect_model,official-api,full,1167,57,61,1167,False,False,False,False,True
599,thread-2,390,11832,onshape_cad.inspect_model,official-api,full,217,61,67,217,False,False,False,False,True
600,thread-2,391,11855,onshape_cad.api_catalog,official-api,schema:updateWVEPMetadata,801,8,12,801,False,False,False,False,True
601,thread-2,392,11885,onshape_cad.api_read,official-api,getWMVEPMetadata,286,87,118,286,False,False,False,False,True
602,thread-2,393,11909,onshape_cad.api_read,official-api,getWMVEPMetadata,277,87,118,277,False,False,False,False,True
603,thread-2,394,11933,onshape_cad.api_read,official-api,getWMVEPMetadata,279,87,118,279,False,False,False,False,True
604,thread-2,395,11957,onshape_cad.api_read,official-api,getWMVEPMetadata,285,88,119,285,False,False,False,False,True
605,thread-2,396,11981,onshape_cad.api_read,official-api,getWMVEPMetadata,285,88,119,285,False,False,False,False,True
606,thread-2,397,12005,onshape_cad.api_read,official-api,getWMVEPMetadata,280,88,119,280,False,False,False,False,True
607,thread-2,398,12039,onshape_cad.api_write,official-api,updateWVEPMetadata,240,251,304,240,False,False,False,False,True
608,thread-2,399,12073,onshape_cad.api_write,official-api,updateWVEPMetadata,238,251,304,238,False,False,False,False,True
609,thread-2,400,12107,onshape_cad.api_write,official-api,updateWVEPMetadata,239,205,258,239,False,False,False,False,True
610,thread-2,401,12141,onshape_cad.api_write,official-api,updateWVEPMetadata,245,201,254,245,False,False,False,False,True
611,thread-2,402,12175,onshape_cad.api_write,official-api,updateWVEPMetadata,243,247,300,243,False,False,False,False,True
612,thread-2,403,12209,onshape_cad.api_read,official-api,getPartStudioMassProperties,133,109,155,133,False,False,False,False,True
613,thread-2,404,12241,onshape_cad.inspect_model,official-api,previous-snapshot,186,104,113,186,False,False,False,False,True
614,thread-2,405,12302,onshape_cad.api_catalog,official-api,search,76,6,10,76,False,False,False,False,True
615,thread-2,406,12318,onshape_cad.api_catalog,official-api,schema:exportStl,634,7,11,634,False,False,False,False,True
616,thread-2,407,12332,onshape_cad.inspect_model,official-api,full,237,57,61,237,False,False,False,False,True
617,thread-2,408,12352,onshape_cad.api_read,official-api,exportStl,23,85,119,23,True,False,False,False,True
618,thread-2,409,12375,onshape_cad.api_catalog,official-api,schema:createPartStudioTranslation,532,8,12,532,False,False,False,False,True
619,thread-2,410,12389,onshape_cad.api_catalog,official-api,search,51,6,10,51,False,False,False,False,True
620,thread-2,411,12403,onshape_cad.api_catalog,official-api,schema:BTTranslateFormatParams,159,8,12,159,False,True,False,False,True
621,thread-2,412,12417,onshape_cad.api_catalog,official-api,schema:downloadExternalData,350,7,11,350,False,False,False,False,True
622,thread-2,413,12431,onshape_cad.api_catalog,official-api,schema:getTranslation,329,6,10,329,False,False,False,False,True
623,thread-2,414,12455,onshape_cad.api_catalog,official-api,schema:GBTStlEncodingType,138,9,13,138,False,False,False,False,True
624,thread-2,415,12469,onshape_cad.api_write,official-api,createPartStudioTranslation,297,226,272,297,False,False,False,False,True
625,thread-2,416,12506,onshape_cad.api_read,official-api,getTranslation,312,29,43,312,False,False,False,False,True
626,thread-2,417,12526,onshape_cad.api_read,official-api,downloadExternalData,104,38,53,104,False,False,False,False,True
627,thread-2,418,12611,onshape_cad.api_catalog,official-api,search,49,9,13,49,False,False,False,False,True
628,thread-2,419,12625,onshape_cad.api_catalog,official-api,schema:updateWVEPMetadata,801,8,12,801,False,False,False,False,True
629,thread-2,420,12639,onshape_cad.api_catalog,official-api,search,275,6,10,275,False,False,False,False,True
630,thread-2,421,12653,onshape_cad.api_catalog,official-api,schema:getWMVEMetadata,745,9,13,745,False,False,False,False,True
631,thread-2,422,12671,onshape_cad.api_catalog,official-api,schema:getWMVEPsMetadata,771,10,14,771,False,False,False,False,True
632,thread-2,423,12687,onshape_cad.api_read,official-api,getWMVEPsMetadata,129,82,112,129,False,False,False,False,True
633,thread-2,424,12721,onshape_cad.api_write,official-api,updateWVEPMetadata,276,384,478,276,False,False,False,False,True
634,thread-2,425,12772,onshape_cad.api_write,official-api,updateWVEPMetadata,268,385,479,268,False,False,False,False,True
635,thread-2,426,12823,onshape_cad.api_write,official-api,updateWVEPMetadata,267,385,479,267,False,False,False,False,True
636,thread-2,427,12874,onshape_cad.api_write,official-api,updateWVEPMetadata,272,385,479,272,False,False,False,False,True
637,thread-2,428,12925,onshape_cad.api_write,official-api,updateWVEPMetadata,274,385,479,274,False,False,False,False,True
638,thread-2,429,12976,onshape_cad.api_write,official-api,updateWVEPMetadata,282,384,478,282,False,False,False,False,True
639,thread-2,430,13027,onshape_cad.api_write,official-api,updateWVEPMetadata,284,384,478,284,False,False,False,False,True
640,thread-2,431,13078,onshape_cad.api_write,official-api,updateWVEPMetadata,270,385,479,270,False,False,False,False,True
641,thread-2,432,13129,onshape_cad.api_write,official-api,updateWVEPMetadata,272,384,478,272,False,False,False,False,True
642,thread-2,433,13180,onshape_cad.api_write,official-api,updateWVEPMetadata,282,384,478,282,False,False,False,False,True
643,thread-2,434,13231,onshape_cad.api_write,official-api,updateWVEPMetadata,270,385,479,270,False,False,False,False,True
644,thread-2,435,13282,onshape_cad.api_write,official-api,updateWVEPMetadata,268,384,478,268,False,False,False,False,True
645,thread-2,436,13333,onshape_cad.api_write,official-api,updateWVEPMetadata,268,385,479,268,False,False,False,False,True
646,thread-2,437,13384,onshape_cad.api_write,official-api,updateWVEPMetadata,278,384,478,278,False,False,False,False,True
647,thread-2,438,13435,onshape_cad.api_write,official-api,updateWVEPMetadata,264,384,478,264,False,False,False,False,True
648,thread-2,439,13486,onshape_cad.api_write,official-api,updateWVEPMetadata,268,384,478,268,False,False,False,False,True
649,thread-2,440,13537,onshape_cad.api_write,official-api,updateWVEPMetadata,270,384,478,270,False,False,False,False,True
650,thread-2,441,13588,onshape_cad.api_write,official-api,updateWVEPMetadata,276,385,479,276,False,False,False,False,True
651,thread-2,442,13639,onshape_cad.api_write,official-api,updateWVEPMetadata,272,384,478,272,False,False,False,False,True
652,thread-2,443,13690,onshape_cad.api_write,official-api,updateWVEPMetadata,278,384,478,278,False,False,False,False,True
653,thread-2,444,13741,onshape_cad.api_write,official-api,updateWVEPMetadata,266,385,479,266,False,False,False,False,True
654,thread-2,445,13792,onshape_cad.api_write,official-api,updateWVEPMetadata,278,385,479,278,False,False,False,False,True
655,thread-2,446,13843,onshape_cad.api_write,official-api,updateWVEPMetadata,266,385,479,266,False,False,False,False,True
656,thread-2,447,13894,onshape_cad.api_write,official-api,updateWVEPMetadata,270,384,478,270,False,False,False,False,True
657,thread-2,448,13945,onshape_cad.api_write,official-api,updateWVEPMetadata,275,384,478,275,False,False,False,False,True
658,thread-2,449,13996,onshape_cad.api_write,official-api,updateWVEPMetadata,269,384,478,269,False,False,False,False,True
659,thread-2,450,14047,onshape_cad.api_write,official-api,updateWVEPMetadata,279,384,478,279,False,False,False,False,True
660,thread-2,451,14098,onshape_cad.api_write,official-api,updateWVEPMetadata,270,385,479,270,False,False,False,False,True
661,thread-2,452,14155,onshape_cad.api_write,official-api,updateWVEPMetadata,275,384,478,275,False,False,False,False,True
662,thread-2,453,14206,onshape_cad.api_write,official-api,updateWVEPMetadata,279,385,479,279,False,False,False,False,True
663,thread-2,454,14257,onshape_cad.api_write,official-api,updateWVEPMetadata,270,384,478,270,False,False,False,False,True
664,thread-2,455,14308,onshape_cad.api_write,official-api,updateWVEPMetadata,270,385,479,270,False,False,False,False,True
665,thread-2,456,14359,onshape_cad.api_write,official-api,updateWVEPMetadata,265,385,479,265,False,False,False,False,True
666,thread-2,457,14410,onshape_cad.api_write,official-api,updateWVEPMetadata,272,384,478,272,False,False,False,False,True
667,thread-2,458,14461,onshape_cad.api_write,official-api,updateWVEPMetadata,279,384,478,279,False,False,False,False,True
668,thread-2,459,14512,onshape_cad.api_write,official-api,updateWVEPMetadata,266,384,478,266,False,False,False,False,True
669,thread-2,460,14563,onshape_cad.api_write,official-api,updateWVEPMetadata,272,384,478,272,False,False,False,False,True
670,thread-2,461,14614,onshape_cad.api_write,official-api,updateWVEPMetadata,270,384,478,270,False,False,False,False,True
671,thread-2,462,14665,onshape_cad.api_write,official-api,updateWVEPMetadata,268,385,479,268,False,False,False,False,True
672,thread-2,463,14716,onshape_cad.api_read,official-api,getPartStudioMassProperties,128,88,120,128,False,False,False,False,True
673,thread-2,464,14741,onshape_cad.inspect_model,official-api,previous-snapshot,214,94,103,214,False,False,False,False,True
674,thread-2,465,14757,onshape_cad.api_write,official-api,updateWVEPMetadata,214,158,233,214,False,False,False,False,True
675,thread-2,466,14802,onshape_cad.api_write,official-api,updateWVEPMetadata,205,158,233,205,False,False,False,False,True
676,thread-2,467,14845,onshape_cad.api_write,official-api,updateWVEPMetadata,203,158,233,203,False,False,False,False,True
677,thread-2,468,14888,onshape_cad.api_write,official-api,updateWVEPMetadata,217,158,233,217,False,False,False,False,True
678,thread-2,469,14931,onshape_cad.api_write,official-api,updateWVEPMetadata,212,157,232,212,False,False,False,False,True
679,thread-2,470,14974,onshape_cad.api_write,official-api,updateWVEPMetadata,213,158,233,213,False,False,False,False,True
680,thread-2,471,15017,onshape_cad.api_write,official-api,updateWVEPMetadata,209,157,232,209,False,False,False,False,True
681,thread-2,472,15060,onshape_cad.api_write,official-api,updateWVEPMetadata,209,157,232,209,False,False,False,False,True
682,thread-2,473,15103,onshape_cad.api_write,official-api,updateWVEPMetadata,207,158,233,207,False,False,False,False,True
683,thread-2,474,15146,onshape_cad.api_write,official-api,updateWVEPMetadata,213,157,232,213,False,False,False,False,True
684,thread-2,475,15189,onshape_cad.api_write,official-api,updateWVEPMetadata,219,157,232,219,False,False,False,False,True
685,thread-2,476,15232,onshape_cad.api_write,official-api,updateWVEPMetadata,210,157,232,210,False,False,False,False,True
686,thread-2,477,15275,onshape_cad.api_write,official-api,updateWVEPMetadata,211,158,233,211,False,False,False,False,True
687,thread-2,478,15318,onshape_cad.api_write,official-api,updateWVEPMetadata,211,158,233,211,False,False,False,False,True
688,thread-2,479,15367,onshape_cad.api_write,official-api,updateWVEPMetadata,214,157,232,214,False,False,False,False,True
689,thread-2,480,15410,onshape_cad.api_write,official-api,updateWVEPMetadata,217,157,232,217,False,False,False,False,True
690,thread-2,481,15453,onshape_cad.api_write,official-api,updateWVEPMetadata,205,157,232,205,False,False,False,False,True
691,thread-2,482,15496,onshape_cad.api_write,official-api,updateWVEPMetadata,213,157,232,213,False,False,False,False,True
692,thread-2,483,15539,onshape_cad.api_write,official-api,updateWVEPMetadata,220,157,232,220,False,False,False,False,True
693,thread-2,484,15582,onshape_cad.api_write,official-api,updateWVEPMetadata,221,158,233,221,False,False,False,False,True
694,thread-2,485,15625,onshape_cad.api_write,official-api,updateWVEPMetadata,215,157,232,215,False,False,False,False,True
695,thread-2,486,15668,onshape_cad.api_write,official-api,updateWVEPMetadata,206,158,233,206,False,False,False,False,True
696,thread-2,487,15711,onshape_cad.api_write,official-api,updateWVEPMetadata,206,158,233,206,False,False,False,False,True
697,thread-2,488,15754,onshape_cad.api_write,official-api,updateWVEPMetadata,208,157,232,208,False,False,False,False,True
698,thread-2,489,15797,onshape_cad.api_write,official-api,updateWVEPMetadata,200,157,232,200,False,False,False,False,True
699,thread-2,490,15840,onshape_cad.api_write,official-api,updateWVEPMetadata,206,157,232,206,False,False,False,False,True
700,thread-2,491,15883,onshape_cad.api_write,official-api,updateWVEPMetadata,223,157,232,223,False,False,False,False,True
701,thread-2,492,15926,onshape_cad.api_write,official-api,updateWVEPMetadata,207,158,233,207,False,False,False,False,True
702,thread-2,493,15969,onshape_cad.api_write,official-api,updateWVEPMetadata,216,158,233,216,False,False,False,False,True
703,thread-2,494,16012,onshape_cad.api_write,official-api,updateWVEPMetadata,219,157,232,219,False,False,False,False,True
704,thread-2,495,16055,onshape_cad.api_write,official-api,updateWVEPMetadata,213,157,232,213,False,False,False,False,True
705,thread-2,496,16098,onshape_cad.api_write,official-api,updateWVEPMetadata,215,158,233,215,False,False,False,False,True
706,thread-2,497,16141,onshape_cad.api_write,official-api,updateWVEPMetadata,209,158,233,209,False,False,False,False,True
707,thread-2,498,16184,onshape_cad.api_write,official-api,updateWVEPMetadata,210,157,232,210,False,False,False,False,True
708,thread-2,499,16233,onshape_cad.api_write,official-api,updateWVEPMetadata,208,157,232,208,False,False,False,False,True
709,thread-2,500,16276,onshape_cad.api_write,official-api,updateWVEPMetadata,209,157,232,209,False,False,False,False,True
710,thread-2,501,16319,onshape_cad.api_write,official-api,updateWVEPMetadata,205,157,232,205,False,False,False,False,True
711,thread-2,502,16362,onshape_cad.api_write,official-api,updateWVEPMetadata,210,157,232,210,False,False,False,False,True
712,thread-2,503,16405,onshape_cad.api_write,official-api,updateWVEPMetadata,201,158,233,201,False,False,False,False,True
713,thread-2,504,16448,onshape_cad.api_read,official-api,getPartStudioMassProperties,134,88,120,134,False,False,False,False,True
714,thread-2,505,16473,onshape_cad.inspect_model,official-api,previous-snapshot,189,102,111,189,False,False,False,False,True
715,thread-2,506,16520,onshape_cad.api_catalog,official-api,schema:getElementsInDocument,568,8,12,568,False,False,False,False,True
716,thread-2,507,16534,onshape_cad.api_catalog,official-api,schema:getPartsWMVE,541,8,12,541,False,False,False,False,True
717,thread-2,508,16548,onshape_cad.api_read,official-api,getElementsInDocument,320,53,73,320,False,False,False,False,True
718,thread-2,509,16568,onshape_cad.api_read,official-api,getPartsWMVE,1144,72,95,1144,False,False,False,False,True
719,thread-2,510,16625,onshape_cad.inspect_model,official-api,full,27,57,61,27,True,False,False,False,True
720,thread-2,511,16637,onshape_cad.api_catalog,official-api,schema:getAssemblyDefinition,636,7,11,636,False,False,False,False,True
721,thread-2,512,16651,onshape_cad.api_catalog,official-api,schema:getPartStudioFeatureSpecs,371,9,13,371,False,False,False,False,True
722,thread-2,513,16665,onshape_cad.api_read,official-api,getAssemblyDefinition,27,76,106,27,True,False,False,False,True
723,thread-2,514,16737,resolve_target,native,default,206,56,60,206,False,False,False,False,True
724,thread-2,515,16751,document_tree,native,fresh,138,56,60,138,False,True,False,False,True
725,thread-2,516,16765,document_tree,native,cached-page,1920,105,118,735,False,False,False,False,True
726,thread-2,517,16782,document_tree,native,cached-page,138,105,118,138,False,True,False,False,True
727,thread-2,518,16799,document_tree,native,cached-page,2685,105,118,847,False,False,False,False,True
728,thread-2,519,16816,document_tree,native,cached-page,2469,105,118,799,False,False,False,False,True
729,thread-2,520,16833,document_tree,native,cached-page,2698,105,118,826,False,False,False,False,True
730,thread-2,521,16850,inspect_model,native,full,249,56,60,192,False,False,False,False,True
731,thread-2,522,16864,search_commands,native,default,742,16,23,354,False,False,False,False,True
732,thread-2,523,16885,artifact_page,native,pointer:/features,37,47,56,37,False,True,False,False,True
733,thread-2,524,16901,artifact_page,native,pointer:/solids,109,48,57,109,False,False,False,False,True
734,thread-2,525,16917,artifact_page,native,pointer:/parts,29,47,56,29,False,False,False,False,True
735,thread-2,526,16933,feature_template,native,specific-type,148,44,51,148,False,True,False,False,True
736,thread-2,527,16954,artifact_page,native,pointer:/template,487,44,50,487,False,False,False,False,True
737,thread-2,528,16975,evaluate,native,topology,850,66,78,789,False,False,False,False,True
738,thread-2,529,16992,feature_template,native,specific-type,151,44,51,151,False,True,False,False,True
739,thread-2,530,17009,evaluate,native,custom,2385,144,154,2317,False,False,False,False,True
740,thread-2,531,17025,artifact_page,native,pointer:/template,382,45,51,382,False,False,False,False,True
741,thread-2,532,17040,evaluate,native,select,162,96,108,98,False,False,False,False,True
742,thread-2,533,17057,feature_template,native,specific-type,143,44,51,143,False,True,False,False,True
743,thread-2,534,17084,feature,native,add,114,615,900,114,False,False,False,False,True
744,thread-2,535,17220,inspect_model,native,full,260,56,60,197,False,False,False,False,True
745,thread-2,536,17234,artifact_page,native,pointer:root/other,65,50,55,65,False,True,False,False,True
746,thread-2,537,17249,artifact_page,native,pointer:/solids,209,50,56,209,False,False,False,False,True
747,thread-2,538,17264,artifact_page,native,pointer:/featureState,31,52,58,31,False,False,False,False,True
748,thread-2,539,17279,artifact_page,native,pointer:/template,1004,41,47,1004,False,False,False,False,True
749,thread-2,540,17294,evaluate,native,select,160,77,89,96,False,False,False,False,True
750,thread-2,541,17311,evaluate,native,select,163,77,89,97,False,False,False,False,True
751,thread-2,542,17328,search_commands,native,default,484,14,21,149,False,False,False,False,True
752,thread-2,543,17349,feature,native,add,107,1133,1714,107,False,False,False,False,True
753,thread-2,544,17605,inspect_model,native,full,251,56,60,191,False,False,False,False,True
754,thread-2,545,17619,api_catalog,native,search,253,6,10,253,False,False,False,False,True
755,thread-2,546,17633,artifact_page,native,pointer:/feature,72,48,54,72,False,True,False,False,True
756,thread-2,547,17648,artifact_page,native,pointer:/feature_errors,14,47,53,14,True,False,False,False,True
757,thread-2,548,17661,evaluate,native,custom,145,81,91,82,False,False,False,False,True
758,thread-2,549,17679,evaluate,native,select,144,68,80,86,False,False,False,False,True
759,thread-2,550,17696,api_catalog,native,search,263,5,9,263,False,False,False,False,True
760,thread-2,551,17710,feature,native,edit,119,113,159,119,False,False,False,False,True
761,thread-2,552,17743,api_catalog,native,schema:updateWVEPMetadata,793,8,12,429,False,False,False,False,True
762,thread-2,553,17757,inspect_model,native,full,256,56,60,194,False,False,False,False,True
763,thread-2,554,17771,api_catalog,native,schema:getWMVEPsMetadata,775,10,14,411,False,False,False,False,True
764,thread-2,555,17785,feature,native,add,122,1124,1705,122,False,False,False,False,True
765,thread-2,556,18041,api_read,native,getWMVEPsMetadata,146,68,89,146,False,True,False,False,True
766,thread-2,557,18063,inspect_model,native,full,256,56,60,194,False,False,False,False,True
767,thread-2,558,18077,api_catalog,native,schema:getAssemblyDefinition,639,7,11,427,False,False,False,False,True
768,thread-2,559,18091,evaluate,native,custom,223,163,173,161,False,False,False,False,True
769,thread-2,560,18107,api_read,native,getAssemblyDefinition,159,79,108,159,False,True,False,False,True
770,thread-2,561,18139,api_write,native,updateWVEPMetadata,258,275,338,198,False,False,False,False,True
771,thread-2,562,18177,api_write,native,updateWVEPMetadata,262,275,338,200,False,False,False,False,True
772,thread-2,563,18217,inspect_model,native,full,246,55,59,189,False,False,False,False,True
773,thread-2,564,18231,api_read,native,getWMVEPsMetadata,144,68,89,144,False,True,False,False,True
774,thread-2,565,18251,api_catalog,native,search,93,6,10,93,False,False,False,False,True
775,thread-2,566,18267,api_catalog,native,schema:getPartStudioMassProperties,821,9,13,438,False,False,False,False,True
776,thread-2,567,18281,api_catalog,native,schema:getFeatureSpecs,292,7,11,277,False,False,False,False,True
777,thread-2,568,18295,inspect_model,native,full,247,57,61,189,False,False,False,False,True
778,thread-2,569,18309,api_read,native,getPartStudioMassProperties,1546,83,112,1482,False,False,False,False,True
779,thread-2,570,18333,api_read,native,getFeatureSpecs,175,63,84,175,False,True,False,False,True
780,thread-2,571,18355,api_read,native,getAssemblyDefinition,153,79,108,153,False,True,False,False,True
781,thread-2,572,18381,evaluate,native,custom,439,128,138,378,False,False,False,False,True
782,thread-2,573,18397,api_read,native,getWMVEPsMetadata,152,69,90,152,False,True,False,False,True
783,thread-2,574,18419,api_catalog,native,schema:createInstance,287,6,10,273,False,False,False,False,True
784,thread-2,575,18433,inspect_model,native,full,241,56,60,186,False,False,False,False,True
785,thread-2,576,18447,api_catalog,native,schema:BTAssemblyInstanceDefinitionParams,267,9,13,267,False,False,False,False,True
786,thread-2,577,18461,api_catalog,native,schema:addFeature,322,6,10,307,False,False,False,False,True
787,thread-2,578,18477,feature,native,edit,203,96,144,203,False,False,False,False,True
788,thread-2,579,18510,api_catalog,native,schema:BTMMate-64,203,9,13,196,False,False,False,False,True
789,thread-2,580,18524,api_catalog,native,schema:BTMIndividualQueryWithOccurrence-811,220,12,16,213,False,False,False,False,True
790,thread-2,581,18538,inspect_model,native,full,252,56,60,193,False,False,False,False,True
791,thread-2,582,18552,inspect_model,native,full,256,57,61,195,False,False,False,False,True
792,thread-2,583,18566,api_catalog,native,schema:BTMIndividualQueryWithOccurrenceBase-904,342,13,17,335,False,False,False,False,True
793,thread-2,584,18580,api_catalog,native,schema:BTMAssemblyFeature-887,550,10,14,543,False,False,False,False,True
794,thread-2,585,18594,evaluate,native,custom,521,132,142,453,False,False,False,False,True
795,thread-2,586,18610,api_write,native,updateWVEPMetadata,274,246,309,206,False,False,False,False,True
796,thread-2,587,18648,api_write,native,updateWVEPMetadata,256,246,309,197,False,False,False,False,True
797,thread-2,588,18692,api_write,native,createInstance,117,115,152,54,False,False,False,False,True
798,thread-2,589,18719,api_read,native,getAssemblyDefinition,151,79,108,151,False,True,False,False,True
799,thread-2,590,18743,api_catalog,native,schema:BTMFeatureQueryWithOccurrence-157,247,12,16,240,False,False,False,False,True
800,thread-2,591,18757,api_catalog,native,schema:BTFeatureDefinitionCall-1406,342,11,15,201,False,False,False,False,True
801,thread-2,592,18773,api_catalog,native,schema:BTMPartStudioMateConnectorQuery-1324,170,14,18,163,False,False,False,False,True
802,thread-2,593,18791,api_catalog,native,schema:BTMFeature-134,642,9,13,429,False,False,False,False,True
803,thread-2,594,18805,api_catalog,native,search,46,6,10,46,False,False,False,False,True
804,thread-2,595,18819,api_catalog,native,schema:getFeatures,554,6,10,359,False,False,False,False,True
805,thread-2,596,18833,api_catalog,native,schema:transformOccurrences,283,6,10,270,False,False,False,False,True
806,thread-2,597,18847,api_read,native,getFeatures,184,62,83,184,False,True,False,False,True
807,thread-2,598,18867,api_catalog,native,schema:BTAssemblyTransformDefinitionParams,175,9,13,175,False,False,False,False,True
808,thread-2,599,18881,element_tree,native,fresh,164,59,66,136,False,False,False,False,True
809,thread-2,600,18896,api_catalog,native,schema:BTOccurrence-74,229,10,14,222,False,False,False,False,True
810,thread-2,601,18910,api_write,native,transformOccurrences,117,144,217,54,False,False,False,False,True
811,thread-2,602,18957,api_read,native,getAssemblyDefinition,147,79,108,147,False,True,False,False,True
812,thread-2,603,18983,api_write,native,addFeature,2193,1531,2294,217,False,False,False,False,True
813,thread-2,604,19295,api_read,native,getAssemblyDefinition,157,79,108,157,False,True,False,False,True
814,thread-2,605,19319,api_catalog,native,schema:getAssemblyMassProperties,628,8,12,336,False,False,False,False,True
815,thread-2,606,19333,search_commands,native,default,505,16,26,164,False,False,False,False,True
816,thread-2,607,19351,api_read,native,getAssemblyMassProperties,744,64,85,681,False,False,False,False,True
817,thread-2,608,19371,api_catalog,native,schema:updateFeature,320,6,10,306,False,False,False,False,True
818,thread-2,609,19385,api_read,native,getFeatures,173,62,83,173,False,True,False,False,True
819,thread-2,610,19411,api_write,native,updateFeature,170,2119,2988,170,False,True,False,False,True
820,thread-2,611,19761,api_read,native,getAssemblyDefinition,164,79,108,164,False,True,False,False,True
821,thread-2,612,19785,artifact_page,native,pointer:/featureState,31,48,54,31,False,False,False,False,True
822,thread-2,613,19802,api_write,native,transformOccurrences,117,139,212,54,False,False,False,False,True
823,thread-2,614,19855,api_read,native,getAssemblyDefinition,164,79,108,164,False,True,False,False,True
824,thread-2,615,19879,render_views,native,default,100,53,68,44,False,False,True,False,True
825,thread-2,616,19900,api_read,native,getPartStudioMassProperties,1519,94,131,1455,False,False,False,False,True
826,thread-2,617,19928,api_write,native,transformOccurrences,117,144,217,54,False,False,False,False,True
827,thread-2,618,19975,api_read,native,getAssemblyDefinition,158,79,108,158,False,True,False,False,True
828,thread-2,619,19999,api_read,native,getFeatures,174,62,83,174,False,True,False,False,True
829,thread-2,620,20021,artifact_page,native,pointer:/featureStates,135,48,54,135,False,False,False,False,True
830,thread-2,621,20036,api_write,native,transformOccurrences,117,144,217,54,False,False,False,False,True
831,thread-2,622,20083,api_read,native,getAssemblyDefinition,154,79,108,154,False,True,False,False,True
832,thread-2,623,20107,api_read,native,getAssemblyMassProperties,736,64,85,676,False,False,False,False,True
833,thread-2,624,20127,inspect_model,native,full,253,56,60,194,False,False,False,False,True
834,thread-2,625,20211,resolve_target,native,default,203,55,59,203,False,False,False,False,True
835,thread-2,626,20231,document_tree,native,fresh,169,59,66,125,False,False,False,False,True
836,thread-2,627,20248,element_tree,native,fresh,163,59,66,135,False,False,False,False,True
837,thread-2,628,20263,bridge_status,native,default,456,1,1,456,False,False,False,False,True
838,thread-2,629,20277,api_catalog,native,schema:getAssemblyDefinition,639,7,11,427,False,False,False,False,True
839,thread-2,630,20291,api_catalog,native,search,52,7,11,52,False,False,False,False,True
840,thread-2,631,20305,api_catalog,native,schema:getPartsWMV,576,8,12,390,False,False,False,False,True
841,thread-2,632,20319,api_read,native,getAssemblyDefinition,154,79,108,154,False,True,False,False,True
842,thread-2,633,20345,api_catalog,native,schema:getInsertables,921,7,11,853,False,False,False,False,True
843,thread-2,634,20361,api_read,native,getInsertables,173,53,77,173,False,True,False,False,True
844,thread-2,635,20383,api_read,native,getAssemblyDefinition,22,77,106,22,True,False,False,False,True
845,thread-2,636,20411,inspect_model,native,full,258,54,58,197,False,False,False,False,True
846,thread-2,637,20425,document_tree,native,fresh,165,57,64,121,False,False,False,False,True
847,thread-2,638,20465,inspect_model,native,full,266,57,61,201,False,False,False,False,True
848,thread-2,639,20479,api_read,native,getAssemblyDefinition,155,83,115,155,False,True,False,False,True
849,thread-2,640,20506,inspect_model,native,full,404,55,59,341,False,False,False,False,True
850,thread-2,641,20530,evaluate,native,custom,154,122,132,154,False,True,False,False,True
851,thread-2,642,20546,api_catalog,native,search,147,7,11,147,False,False,False,False,True
852,thread-2,643,20560,inspect_model,native,full,256,52,56,195,False,False,False,False,True
853,thread-2,644,20578,api_catalog,native,schema:createPartStudio,301,7,11,256,False,False,False,False,True
854,thread-2,645,20596,evaluate,native,custom,846,194,204,778,False,False,False,False,True
855,thread-2,646,20612,feature_template,native,specific-type,153,49,56,153,False,True,False,False,True
856,thread-2,647,20627,api_catalog,native,schema:BTModelElementParams,123,8,12,123,False,False,False,False,True
857,thread-2,648,20643,api_write,native,createPartStudio,268,59,81,201,False,False,False,False,True
858,thread-2,649,20664,inspect_model,native,full,22,56,60,22,True,False,False,False,True
859,thread-2,650,20678,evaluate,native,select,157,73,86,96,False,False,False,False,True
860,thread-2,651,20707,inspect_model,native,full,22,56,60,22,True,False,False,False,True
861,thread-2,652,20725,search_commands,native,default,837,25,35,469,False,False,False,False,True
862,thread-2,653,20743,open_document,native,default,89,56,60,89,False,False,False,False,True
863,thread-2,654,20757,api_read,native,getAssemblyDefinition,155,68,91,155,False,True,False,False,True
864,thread-2,655,20778,native_state,native,default,1164,56,60,1100,False,False,False,False,True
865,thread-2,656,20792,inspect_model,native,full,22,60,66,22,True,False,False,False,True
866,thread-2,657,20805,api_catalog,native,schema:addPartStudioFeature,384,8,12,320,False,False,False,False,True
867,thread-2,658,20819,api_catalog,native,schema:BTFeatureDefinitionCall-1406,342,11,15,201,False,False,False,False,True
868,thread-2,659,20833,api_catalog,native,schema:getPartsWMV,576,8,12,390,False,False,False,False,True
869,thread-2,660,20847,api_catalog,native,schema:getPartStudioBodyDetails,792,9,13,468,False,False,False,False,True
870,thread-2,661,20861,api_write,native,addPartStudioFeature,1109,718,1044,227,False,False,False,False,True
871,thread-2,662,21010,native_state,native,default,153,56,60,153,False,True,False,False,True
872,thread-2,663,21024,api_read,native,getPartsWMV,1516,74,101,1450,False,False,False,False,True
873,thread-2,664,21047,inspect_model,native,full,22,56,60,22,True,False,False,False,True
874,thread-2,665,21059,feature_template,native,specific-type,157,49,56,157,False,True,False,False,True
875,thread-2,666,21074,feature_template,native,specific-type,158,49,56,158,False,True,False,False,True
876,thread-2,667,21089,feature_template,native,specific-type,153,48,55,153,False,True,False,False,True
877,thread-2,668,21110,api_read,native,getPartStudioBodyDetails,138,83,119,69,False,False,False,False,True
878,thread-2,669,21143,api_write,native,addPartStudioFeature,171,660,965,171,False,True,False,False,True
879,thread-2,670,21286,api_read,native,getPartsWMV,757,74,101,694,False,False,False,False,True
880,thread-2,671,21309,native_state,native,default,154,56,60,154,False,True,False,False,True
881,thread-2,672,21327,api_catalog,native,schema:getPartStudioMassProperties,821,9,13,438,False,False,False,False,True
882,thread-2,673,21341,api_catalog,native,schema:updateWVEPMetadata,793,8,12,429,False,False,False,False,True
883,thread-2,674,21355,api_catalog,native,schema:createInstance,287,6,10,273,False,False,False,False,True
884,thread-2,675,21369,api_read,native,getPartStudioMassProperties,149,99,141,79,False,False,False,False,True
885,thread-2,676,21399,api_write,native,addPartStudioFeature,1318,504,743,207,False,False,False,False,True
886,thread-2,677,21513,api_read,native,getPartsWMV,752,74,101,689,False,False,False,False,True
887,thread-2,678,21540,api_read,native,getPartStudioBodyDetails,126,86,124,63,False,False,False,False,True
888,thread-2,679,21568,api_catalog,native,schema:BTAssemblyInstanceDefinitionParams,267,9,13,267,False,False,False,False,True
889,thread-2,680,21582,evaluate,native,custom,419,193,203,352,False,False,False,False,True
890,thread-2,681,21598,inspect_model,native,full,22,56,60,22,True,False,False,False,True
891,thread-2,682,21624,api_write,native,addPartStudioFeature,163,1157,1758,163,False,True,False,False,True
892,thread-2,683,21889,native_state,native,default,150,56,60,150,False,True,False,False,True
893,thread-2,684,21903,api_write,native,addPartStudioFeature,181,1156,1757,181,False,True,False,False,True
894,thread-2,685,22168,native_state,native,default,154,56,60,154,False,True,False,False,True
895,thread-2,686,22182,api_write,native,addPartStudioFeature,169,1157,1758,169,False,True,False,False,True
896,thread-2,687,22447,native_state,native,default,152,56,60,152,False,True,False,False,True
897,thread-2,688,22461,api_write,native,addPartStudioFeature,165,1158,1759,165,False,True,False,False,True
898,thread-2,689,22726,native_state,native,default,158,56,60,158,False,True,False,False,True
899,thread-2,690,22740,api_write,native,addPartStudioFeature,171,1155,1756,171,False,True,False,False,True
900,thread-2,691,23005,native_state,native,default,155,56,60,155,False,True,False,False,True
901,thread-2,692,23019,evaluate,native,custom,514,190,200,453,False,False,False,False,True
902,thread-2,693,23035,api_catalog,native,schema:transformOccurrences,283,6,10,270,False,False,False,False,True
903,thread-2,694,23049,api_catalog,native,schema:addFeature,322,6,10,307,False,False,False,False,True
904,thread-2,695,23065,api_write,native,updateWVEPMetadata,251,232,294,194,False,False,False,False,True
905,thread-2,696,23103,api_write,native,updateWVEPMetadata,255,208,270,196,False,False,False,False,True
906,thread-2,697,23141,api_write,native,updateWVEPMetadata,258,232,294,198,False,False,False,False,True
907,thread-2,698,23179,api_write,native,updateWVEPMetadata,268,226,288,203,False,False,False,False,True
908,thread-2,699,23217,api_read,native,getPartStudioMassProperties,29,90,125,29,True,False,False,False,True
909,thread-2,700,23253,api_read,native,getPartStudioMassProperties,134,86,118,72,False,False,False,False,True
910,thread-2,701,23278,api_write,native,createInstance,117,113,150,54,False,False,False,False,True
911,thread-2,702,23305,api_read,native,getAssemblyDefinition,159,68,91,159,False,True,False,False,True
912,thread-2,703,23328,api_write,native,createInstance,117,113,150,54,False,False,False,False,True
913,thread-2,704,23355,api_read,native,getAssemblyDefinition,159,68,91,159,False,True,False,False,True
914,thread-2,705,23378,api_write,native,createInstance,117,113,150,54,False,False,False,False,True
915,thread-2,706,23405,api_read,native,getAssemblyDefinition,164,68,91,164,False,True,False,False,True
916,thread-2,707,23428,api_write,native,createInstance,117,113,150,54,False,False,False,False,True
917,thread-2,708,23455,api_read,native,getAssemblyDefinition,153,68,91,153,False,True,False,False,True
918,thread-2,709,23478,api_write,native,createInstance,117,113,150,54,False,False,False,False,True
919,thread-2,710,23505,api_read,native,getAssemblyDefinition,159,68,91,159,False,True,False,False,True
920,thread-2,711,23528,api_write,native,createInstance,117,114,151,54,False,False,False,False,True
921,thread-2,712,23555,api_read,native,getAssemblyDefinition,151,68,91,151,False,True,False,False,True
922,thread-2,713,23578,api_write,native,createInstance,117,113,150,54,False,False,False,False,True
923,thread-2,714,23605,api_read,native,getAssemblyDefinition,153,68,91,153,False,True,False,False,True
924,thread-2,715,23628,api_write,native,createInstance,117,113,150,54,False,False,False,False,True
925,thread-2,716,23655,api_read,native,getAssemblyDefinition,154,68,91,154,False,True,False,False,True
926,thread-2,717,23678,api_write,native,createInstance,117,113,150,54,False,False,False,False,True
927,thread-2,718,23705,api_read,native,getAssemblyDefinition,157,68,91,157,False,True,False,False,True
928,thread-2,719,23741,feature_template,native,specific-type,164,48,55,164,False,True,False,False,True
929,thread-2,720,23756,native_state,native,default,149,56,60,149,False,True,False,False,True
930,thread-2,721,23778,api_catalog,native,schema:BTAssemblyTransformDefinitionParams,175,9,13,175,False,False,False,False,True
931,thread-2,722,23794,api_write,native,addPartStudioFeature,163,1052,1591,163,False,True,False,False,True
932,thread-2,723,24033,api_read,native,getPartsWMV,22,74,101,22,True,False,False,False,True
933,thread-2,724,24054,api_write,native,addPartStudioFeature,170,1051,1590,170,False,True,False,False,True
934,thread-2,725,24293,api_read,native,getPartsWMV,22,74,101,22,True,False,False,False,True
935,thread-2,726,24314,api_read,native,getPartStudioMassProperties,153,86,118,82,False,False,False,False,True
936,thread-2,727,24339,api_write,native,createInstance,117,113,150,54,False,False,False,False,True
937,thread-2,728,24366,api_read,native,getAssemblyDefinition,166,83,115,166,False,True,False,False,True
938,thread-2,729,24393,api_write,native,createInstance,117,113,150,54,False,False,False,False,True
939,thread-2,730,24420,api_read,native,getAssemblyDefinition,162,83,115,162,False,True,False,False,True
940,thread-2,731,24447,api_write,native,createInstance,117,114,151,54,False,False,False,False,True
941,thread-2,732,24474,api_read,native,getAssemblyDefinition,143,83,115,143,False,True,False,False,True
942,thread-2,733,24501,api_write,native,createInstance,117,113,150,54,False,False,False,False,True
943,thread-2,734,24528,api_read,native,getAssemblyDefinition,159,83,115,159,False,True,False,False,True
944,thread-2,735,24555,api_write,native,createInstance,117,113,150,54,False,False,False,False,True
945,thread-2,736,24582,api_read,native,getAssemblyDefinition,153,83,115,153,False,True,False,False,True
946,thread-2,737,24609,api_write,native,createInstance,117,113,150,54,False,False,False,False,True
947,thread-2,738,24636,api_read,native,getAssemblyDefinition,153,83,115,153,False,True,False,False,True
948,thread-2,739,24663,api_write,native,createInstance,117,113,150,54,False,False,False,False,True
949,thread-2,740,24690,api_read,native,getAssemblyDefinition,147,83,115,147,False,True,False,False,True
950,thread-2,741,24717,api_write,native,createInstance,117,113,150,54,False,False,False,False,True
951,thread-2,742,24744,api_read,native,getAssemblyDefinition,149,83,115,149,False,True,False,False,True
952,thread-2,743,24771,api_write,native,createInstance,117,114,151,54,False,False,False,False,True
953,thread-2,744,24798,api_read,native,getAssemblyDefinition,167,83,115,167,False,True,False,False,True
954,thread-2,745,24833,api_write,native,transformOccurrences,117,237,330,54,False,False,False,False,True
955,thread-2,746,24890,api_read,native,getAssemblyDefinition,159,68,91,159,False,True,False,False,True
956,thread-2,747,24913,api_write,native,transformOccurrences,117,222,304,54,False,False,False,False,True
957,thread-2,748,24965,api_read,native,getAssemblyDefinition,151,68,91,151,False,True,False,False,True
958,thread-2,749,24988,api_write,native,transformOccurrences,117,204,276,54,False,False,False,False,True
959,thread-2,750,25035,api_read,native,getAssemblyDefinition,153,68,91,153,False,True,False,False,True
960,thread-2,751,25058,api_write,native,transformOccurrences,117,237,329,54,False,False,False,False,True
961,thread-2,752,25115,api_read,native,getAssemblyDefinition,149,68,91,149,False,True,False,False,True
962,thread-2,753,25138,api_write,native,transformOccurrences,117,222,304,54,False,False,False,False,True
963,thread-2,754,25190,api_read,native,getAssemblyDefinition,147,68,91,147,False,True,False,False,True
964,thread-2,755,25213,api_write,native,transformOccurrences,117,205,277,54,False,False,False,False,True
965,thread-2,756,25260,api_read,native,getAssemblyDefinition,159,68,91,159,False,True,False,False,True
966,thread-2,757,25283,api_write,native,transformOccurrences,117,233,326,54,False,False,False,False,True
967,thread-2,758,25340,api_read,native,getAssemblyDefinition,151,68,91,151,False,True,False,False,True
968,thread-2,759,25363,api_write,native,transformOccurrences,117,220,303,54,False,False,False,False,True
969,thread-2,760,25415,api_read,native,getAssemblyDefinition,163,68,91,163,False,True,False,False,True
970,thread-2,761,25438,api_write,native,transformOccurrences,117,202,275,54,False,False,False,False,True
971,thread-2,762,25485,api_read,native,getAssemblyDefinition,151,68,91,151,False,True,False,False,True
972,thread-2,763,25508,api_catalog,native,search,102,6,10,102,False,False,False,False,True
973,thread-2,764,25522,open_document,native,default,88,55,59,88,False,False,False,False,True
974,thread-2,765,25538,api_catalog,native,schema:getFeatures,554,6,10,359,False,False,False,False,True
975,thread-2,766,25558,api_catalog,native,schema:getAssemblyShadedViews,793,9,13,574,False,False,False,False,True
976,thread-2,767,25572,api_write,native,addFeature,651,345,501,224,False,False,False,False,True
977,thread-2,768,25653,api_read,native,getAssemblyDefinition,161,83,115,161,False,True,False,False,True
978,thread-2,769,25678,api_write,native,addFeature,2043,1392,2158,220,False,False,False,False,True
979,thread-2,770,25993,api_read,native,getAssemblyDefinition,151,68,91,151,False,True,False,False,True
980,thread-2,771,26016,api_write,native,addFeature,2031,1385,2151,206,False,False,False,False,True
981,thread-2,772,26331,api_read,native,getAssemblyDefinition,165,68,91,165,False,True,False,False,True
982,thread-2,773,26354,api_write,native,addFeature,2046,1390,2156,222,False,False,False,False,True
983,thread-2,774,26669,api_read,native,getAssemblyDefinition,147,68,91,147,False,True,False,False,True
984,thread-2,775,26692,api_write,native,addFeature,2046,1387,2153,216,False,False,False,False,True
985,thread-2,776,27007,api_read,native,getAssemblyDefinition,152,68,91,152,False,True,False,False,True
986,thread-2,777,27030,api_write,native,addFeature,2044,1390,2156,219,False,False,False,False,True
987,thread-2,778,27345,api_read,native,getAssemblyDefinition,153,68,91,153,False,True,False,False,True
988,thread-2,779,27368,api_write,native,addFeature,2032,1386,2152,221,False,False,False,False,True
989,thread-2,780,27683,api_read,native,getAssemblyDefinition,155,68,91,155,False,True,False,False,True
990,thread-2,781,27706,api_write,native,addFeature,2046,1389,2155,220,False,False,False,False,True
991,thread-2,782,28021,api_read,native,getAssemblyDefinition,145,68,91,145,False,True,False,False,True
992,thread-2,783,28044,api_write,native,addFeature,2046,1388,2154,221,False,False,False,False,True
993,thread-2,784,28359,api_read,native,getAssemblyDefinition,147,68,91,147,False,True,False,False,True
994,thread-2,785,28382,api_write,native,addFeature,2040,1391,2157,212,False,False,False,False,True
995,thread-2,786,28697,api_read,native,getAssemblyDefinition,149,68,91,149,False,True,False,False,True
996,thread-2,787,28720,api_write,native,addFeature,2021,1388,2154,212,False,False,False,False,True
997,thread-2,788,29035,api_read,native,getAssemblyDefinition,163,68,91,163,False,True,False,False,True
998,thread-2,789,29058,api_write,native,addFeature,2046,1389,2155,223,False,False,False,False,True
999,thread-2,790,29373,api_read,native,getAssemblyDefinition,159,68,91,159,False,True,False,False,True
1000,thread-2,791,29396,api_write,native,addFeature,2040,1386,2152,216,False,False,False,False,True
1001,thread-2,792,29711,api_read,native,getAssemblyDefinition,151,68,91,151,False,True,False,False,True
1002,thread-2,793,29740,api_read,native,getAssemblyShadedViews,139,127,178,139,False,True,False,False,True
1003,thread-2,794,29772,api_read,native,getFeatures,130,67,90,66,False,False,False,False,True
1004,thread-2,795,29793,api_read,native,getAssemblyMassProperties,139,69,92,78,False,False,False,False,True
1005,thread-2,796,29822,inspect_model,native,full,22,56,60,22,True,False,False,False,True
1006,thread-2,797,29844,api_write,native,transformOccurrences,117,209,281,54,False,False,False,False,True
1007,thread-2,798,29891,api_read,native,getAssemblyDefinition,156,76,106,156,False,True,False,False,True
1008,thread-2,799,29917,api_write,native,transformOccurrences,117,208,281,54,False,False,False,False,True
1009,thread-2,800,29964,api_read,native,getAssemblyDefinition,157,76,106,157,False,True,False,False,True
1010,thread-2,801,29990,api_write,native,transformOccurrences,117,205,277,54,False,False,False,False,True
1011,thread-2,802,30037,api_read,native,getAssemblyDefinition,160,76,106,160,False,True,False,False,True
1012,thread-2,803,30063,api_write,native,transformOccurrences,117,205,277,54,False,False,False,False,True
1013,thread-2,804,30110,api_read,native,getAssemblyDefinition,145,76,106,145,False,True,False,False,True
1014,thread-2,805,30136,api_read,native,getAssemblyShadedViews,139,121,170,139,False,True,False,False,True
1015,thread-2,806,30167,api_read,native,getAssemblyShadedViews,150,120,169,150,False,True,False,False,True
1016,thread-2,807,30208,api_read,native,getFeatures,128,67,90,65,False,False,False,False,True
1017,thread-2,808,30233,native_state,native,default,1038,63,70,972,False,False,False,False,True
1018,thread-2,809,30273,resolve_target,native,default,203,55,59,203,False,False,False,False,True
1019,thread-2,810,30287,document_tree,native,fresh,241,59,66,172,False,False,False,False,True
1020,thread-2,811,30302,inspect_model,native,full,22,55,59,22,True,False,False,False,True
1021,thread-2,812,30314,element_tree,native,fresh,525,59,66,302,False,False,False,False,True
1022,thread-2,813,30329,api_read,native,getPartsWMV,871,73,100,810,False,False,False,False,True
1023,thread-2,814,30352,api_read,native,getPartStudioBodyDetails,127,70,93,64,False,False,False,False,True
1024,thread-2,815,30373,api_read,native,getAssemblyDefinition,151,83,115,151,False,True,False,False,True
1025,thread-2,816,30398,api_read,native,getPartStudioMassProperties,718,85,117,653,False,False,False,False,True
1026,thread-2,817,30425,evaluate,native,custom,158,182,192,158,False,True,False,False,True
1027,thread-2,818,30441,open_document,native,default,88,55,59,88,False,False,False,False,True
1028,thread-2,819,30455,search_commands,native,default,610,18,25,201,False,False,False,False,True
1029,thread-2,820,30474,api_catalog,native,schema:insertTransformedInstances,301,8,12,289,False,False,False,False,True
1030,thread-2,821,30488,native_state,native,default,160,55,59,160,False,True,False,False,True
1031,thread-2,822,30508,api_catalog,native,schema:BTAssemblyTransformedInstancesDefinitionParams,140,11,15,140,False,False,False,False,True
1032,thread-2,823,30522,api_read,native,getPartStudioBodyDetails,113,99,143,56,False,False,False,False,True
1033,thread-2,824,30555,api_catalog,native,schema:BTAssemblyInsertTransformedInstancesResponse,170,11,15,170,False,False,False,False,True
1034,thread-2,825,30569,api_catalog,native,schema:TransformGroup,176,6,10,176,False,False,False,False,True
1035,thread-2,826,30587,api_write,native,insertTransformedInstances,554,1140,1539,490,False,False,False,False,True
1036,thread-2,827,30790,api_read,native,getAssemblyDefinition,163,76,106,163,False,True,False,False,True
1037,thread-2,828,30816,api_catalog,native,search,26,6,10,26,False,False,False,False,True
1038,thread-2,829,30830,api_catalog,native,search,26,6,10,26,False,False,False,False,True
1039,thread-2,830,30844,api_read,native,getAssemblyShadedViews,140,120,169,140,False,True,False,False,True
1040,thread-2,831,30875,api_write,native,addFeature,423,216,306,213,False,False,False,False,True
1041,thread-2,832,30928,api_read,native,getAssemblyDefinition,143,68,91,143,False,True,False,False,True
1042,thread-2,833,30949,api_write,native,addFeature,416,211,301,208,False,False,False,False,True
1043,thread-2,834,31002,api_read,native,getAssemblyDefinition,153,68,91,153,False,True,False,False,True
1044,thread-2,835,31023,api_write,native,addFeature,422,212,302,217,False,False,False,False,True
1045,thread-2,836,31076,api_read,native,getAssemblyDefinition,161,68,91,161,False,True,False,False,True
1046,thread-2,837,31097,api_write,native,addFeature,430,216,306,219,False,False,False,False,True
1047,thread-2,838,31150,api_read,native,getAssemblyDefinition,149,68,91,149,False,True,False,False,True
1048,thread-2,839,31171,api_write,native,addFeature,418,214,304,210,False,False,False,False,True
1049,thread-2,840,31224,api_read,native,getAssemblyDefinition,152,68,91,152,False,True,False,False,True
1050,thread-2,841,31245,api_write,native,addFeature,428,216,306,213,False,False,False,False,True
1051,thread-2,842,31298,api_read,native,getAssemblyDefinition,146,68,91,146,False,True,False,False,True
1052,thread-2,843,31327,search_commands,native,default,578,18,28,267,False,False,False,False,True
1053,thread-2,844,31343,api_read,native,getAssemblyMassProperties,147,69,92,82,False,False,False,False,True
1054,thread-2,845,31364,api_read,native,getFeatures,132,67,90,67,False,False,False,False,True
1055,thread-2,846,31393,native_schema,native,default,253,71,81,191,False,False,False,False,True
1056,thread-2,847,31439,resolve_target,native,default,203,55,59,203,False,False,False,False,True
1057,thread-2,848,31453,document_tree,native,fresh,169,59,66,125,False,False,False,False,True
1058,thread-2,849,31468,element_tree,native,fresh,159,59,66,131,False,False,False,False,True
1059,thread-2,850,31483,api_read,native,getAssemblyDefinition,146,68,91,146,False,True,False,False,True
1060,thread-2,851,31504,api_read,native,getAssemblyMassProperties,151,69,92,84,False,False,False,False,True
1061,thread-2,852,31527,api_catalog,native,schema:getPartStudioMassProperties,821,9,13,438,False,False,False,False,True
1062,thread-2,853,31541,api_read,native,getPartStudioMassProperties,134,83,115,70,False,False,False,False,True
1063,thread-2,854,31566,api_read,native,getPartStudioMassProperties,128,82,114,67,False,False,False,False,True
1064,thread-2,855,31591,api_read,native,getPartStudioMassProperties,138,80,112,72,False,False,False,False,True
1065,thread-2,856,31616,api_read,native,getPartStudioMassProperties,142,85,117,74,False,False,False,False,True
1066,thread-2,857,31657,api_read,native,getWMVEPsMetadata,129,71,94,60,False,False,False,False,True
1067,thread-2,858,31678,api_read,native,getPartsWMV,676,68,95,605,False,False,False,False,True
1068,thread-2,859,31813,resolve_target,native,default,207,57,61,207,False,False,False,False,True
1069,thread-2,860,31827,document_tree,native,fresh,132,61,68,132,False,True,False,False,True
1070,thread-2,861,31842,document_tree,native,cached-page,132,98,108,132,False,True,False,False,True
1071,thread-2,862,31858,inspect_model,native,full,22,57,61,22,True,False,False,False,True
1072,thread-2,863,31872,search_commands,native,default,866,22,29,338,False,False,False,False,True
1073,thread-2,864,31889,api_catalog,native,schema:getPartStudioBodyDetails,792,9,13,468,False,False,False,False,True
1074,thread-2,865,31903,api_read,native,getPartStudioBodyDetails,129,72,95,65,False,False,False,False,True
1075,thread-2,866,31924,open_document,native,default,90,57,61,90,False,False,False,False,True
1076,thread-2,867,31938,native_state,native,default,152,57,61,152,False,True,False,False,True
1077,thread-2,868,31954,api_catalog,native,search,48,7,11,48,False,False,False,False,True
1078,thread-2,869,31968,api_catalog,native,schema:getAssemblyDefinition,639,7,11,427,False,False,False,False,True
1079,thread-2,870,31992,api_read,native,getAssemblyDefinition,154,83,115,154,False,True,False,False,True
1080,thread-2,871,32021,api_read,native,getPartStudioBodyDetails,137,92,132,69,False,False,False,False,True
1081,thread-2,872,32062,api_catalog,native,schema:createInstance,287,6,10,273,False,False,False,False,True
1082,thread-2,873,32076,api_catalog,native,schema:transformOccurrences,283,6,10,270,False,False,False,False,True
1083,thread-2,874,32090,api_catalog,native,search,240,6,10,240,False,False,False,False,True
1084,thread-2,875,32104,api_catalog,native,schema:BTAssemblyInstanceDefinitionParams,267,9,13,267,False,False,False,False,True
1085,thread-2,876,32118,api_catalog,native,schema:BTAssemblyTransformDefinitionParams,175,9,13,175,False,False,False,False,True
1086,thread-2,877,32132,api_catalog,native,schema:addFeature,322,6,10,307,False,False,False,False,True
1087,thread-2,878,32146,element_tree,native,fresh,516,59,66,295,False,False,False,False,True
1088,thread-2,879,32161,api_catalog,native,schema:getFeatures,554,6,10,359,False,False,False,False,True
1089,thread-2,880,32175,api_catalog,native,schema:BTFeatureDefinitionCall-1406,342,11,15,201,False,False,False,False,True
1090,thread-2,881,32189,api_catalog,native,schema:BTOccurrence-74,229,10,14,222,False,False,False,False,True
1091,thread-2,882,32203,api_read,native,getFeatures,122,86,120,62,False,False,False,False,True
1092,thread-2,883,32229,api_read,native,getAssemblyDefinition,155,76,106,155,False,True,False,False,True
1093,thread-2,884,32267,api_write,native,createInstance,117,114,151,54,False,False,False,False,True
1094,thread-2,885,32294,api_read,native,getAssemblyDefinition,157,68,91,157,False,True,False,False,True
1095,thread-2,886,32315,api_catalog,native,schema:BTMMateGroup-65,173,10,14,166,False,False,False,False,True
1096,thread-2,887,32329,api_catalog,native,schema:BTMParameterQueryWithOccurrenceList-67,218,13,17,211,False,False,False,False,True
1097,thread-2,888,32343,api_catalog,native,schema:BTMIndividualOccurrenceQuery-626,177,11,15,170,False,False,False,False,True
1098,thread-2,889,32359,api_write,native,createInstance,117,114,151,54,False,False,False,False,True
1099,thread-2,890,32386,api_catalog,native,search,243,6,10,243,False,False,False,False,True
1100,thread-2,891,32400,api_write,native,transformOccurrences,117,167,240,54,False,False,False,False,True
1101,thread-2,892,32447,api_read,native,getAssemblyDefinition,149,68,91,149,False,True,False,False,True
1102,thread-2,893,32470,api_catalog,native,schema:getPartStudioMassProperties,821,9,13,438,False,False,False,False,True
1103,thread-2,894,32484,api_catalog,native,schema:getAssemblyMassProperties,628,8,12,336,False,False,False,False,True
1104,thread-2,895,32498,api_write,native,transformOccurrences,117,167,240,54,False,False,False,False,True
1105,thread-2,896,32545,api_read,native,getAssemblyDefinition,163,68,91,163,False,True,False,False,True
1106,thread-2,897,32566,api_read,native,getPartStudioMassProperties,584,87,119,519,False,False,False,False,True
1107,thread-2,898,32593,api_write,native,addFeature,416,229,321,210,False,False,False,False,True
1108,thread-2,899,32645,api_catalog,native,search,261,8,12,261,False,False,False,False,True
1109,thread-2,900,32659,api_write,native,addFeature,423,228,320,214,False,False,False,False,True
1110,thread-2,901,32711,api_catalog,native,schema:getAssemblyShadedViews,793,9,13,574,False,False,False,False,True
1111,thread-2,902,32725,api_read,native,getAssemblyMassProperties,150,69,92,83,False,False,False,False,True
1112,thread-2,903,32746,api_read,native,getAssemblyShadedViews,142,115,161,142,False,True,False,False,True
1113,thread-2,904,32776,api_read,native,getAssemblyDefinition,159,76,106,159,False,True,False,False,True
1114,thread-2,905,32800,api_read,native,getFeatures,133,67,90,67,False,False,False,False,True
1115,thread-2,906,32835,api_read,native,getAssemblyShadedViews,149,116,162,149,False,True,False,False,True
1116,thread-2,907,32953,resolve_target,native,default,203,55,59,203,False,False,False,False,True
1117,thread-2,908,32967,search_commands,native,default,587,15,22,237,False,False,False,False,True
1118,thread-2,909,32982,document_tree,native,fresh,169,59,66,125,False,False,False,False,True
1119,thread-2,910,32997,element_tree,native,fresh,160,59,66,132,False,False,False,False,True
1120,thread-2,911,33012,api_catalog,native,search,275,6,10,275,False,False,False,False,True
1121,thread-2,912,33028,api_catalog,native,schema:getWMVEPsMetadata,775,10,14,411,False,False,False,False,True
1122,thread-2,913,33042,api_catalog,native,search,253,6,10,253,False,False,False,False,True
1123,thread-2,914,33056,api_read,native,getPartStudioBodyDetails,140,70,93,70,False,False,False,False,True
1124,thread-2,915,33077,api_read,native,getPartStudioBodyDetails,129,70,93,65,False,False,False,False,True
1125,thread-2,916,33098,api_read,native,getWMVEPsMetadata,115,82,112,53,False,False,False,False,True
1126,thread-2,917,33122,api_catalog,native,schema:updateWVEPMetadata,793,8,12,429,False,False,False,False,True
1127,thread-2,918,33140,api_read,native,getPartStudioBodyDetails,125,92,132,62,False,False,False,False,True
1128,thread-2,919,33169,api_read,native,getAssemblyDefinition,143,76,106,143,False,True,False,False,True
1129,thread-2,920,33197,api_read,native,getPartStudioMassProperties,1375,98,138,1310,False,False,False,False,True
1130,thread-2,921,33228,api_catalog,native,schema:getPartStudioFeatures,740,8,12,440,False,False,False,False,True
1131,thread-2,922,33250,api_read,native,getPartStudioFeatures,131,80,110,65,False,False,False,False,True
1132,thread-2,923,33274,api_read,native,getPartStudioFeatures,128,79,109,64,False,False,False,False,True
1133,thread-2,924,33306,api_write,native,updateWVEPMetadata,22,310,378,22,True,False,False,False,True
1134,thread-2,925,33345,api_read,native,getPartStudioMassProperties,1371,98,138,1309,False,False,False,False,True
1135,thread-2,926,33382,native_catalog,native,default,644,5,9,578,False,False,False,False,True
1136,thread-2,927,33396,api_write,native,updateWVEPMetadata,219,131,187,153,False,False,False,False,True
1137,thread-2,928,33431,api_write,native,updateWVEPMetadata,22,309,383,22,True,False,False,False,True
1138,thread-2,929,33472,api_write,native,updateWVEPMetadata,22,309,383,22,True,False,False,False,True
1139,thread-2,930,33513,api_read,native,getPartStudioMassProperties,1389,98,138,1320,False,False,False,False,True
1140,thread-2,931,33542,api_write,native,updateWVEPMetadata,244,287,352,179,False,False,False,False,True
1141,thread-2,932,33581,api_write,native,updateWVEPMetadata,242,287,352,177,False,False,False,False,True
1142,thread-2,933,33620,api_read,native,getAssemblyMassProperties,141,69,92,79,False,False,False,False,True
1143,thread-2,934,33647,api_write,native,updateWVEPMetadata,213,245,294,150,False,False,False,False,True
1144,thread-2,935,33679,api_write,native,updateWVEPMetadata,216,247,296,152,False,False,False,False,True
1145,thread-2,936,33711,api_write,native,updateWVEPMetadata,219,247,296,153,False,False,False,False,True
1146,thread-2,937,33743,api_write,native,updateWVEPMetadata,209,247,296,148,False,False,False,False,True
1147,thread-2,938,33775,api_write,native,updateWVEPMetadata,215,247,296,151,False,False,False,False,True
1148,thread-2,939,33807,api_write,native,updateWVEPMetadata,209,247,296,148,False,False,False,False,True
1149,thread-2,940,33839,api_write,native,updateWVEPMetadata,221,245,294,154,False,False,False,False,True
1150,thread-2,941,33871,api_read,native,getPartStudioMassProperties,1370,98,138,1308,False,False,False,False,True
1151,thread-2,942,33946,resolve_target,native,default,203,55,59,203,False,False,False,False,True
1152,thread-2,943,33970,document_tree,native,fresh,243,59,66,174,False,False,False,False,True
1153,thread-2,944,33985,element_tree,native,fresh,511,59,66,291,False,False,False,False,True
1154,thread-2,945,34002,api_catalog,native,schema:updateWVEPMetadata,793,8,12,429,False,False,False,False,True
1155,thread-2,946,34016,api_read,native,getWMVEPsMetadata,117,82,112,54,False,False,False,False,True
1156,thread-2,947,34040,api_read,native,getWMVEPsMetadata,118,80,110,55,False,False,False,False,True
1157,thread-2,948,34082,api_catalog,native,schema:getPartStudioMassProperties,821,9,13,438,False,False,False,False,True
1158,thread-2,949,34096,api_catalog,native,schema:getAssemblyMassProperties,628,8,12,336,False,False,False,False,True
1159,thread-2,950,34110,api_write,native,updateWVEPMetadata,237,288,353,175,False,False,False,False,True
1160,thread-2,951,34149,api_write,native,updateWVEPMetadata,235,288,353,174,False,False,False,False,True
1161,thread-2,952,34188,api_write,native,updateWVEPMetadata,257,327,400,197,False,False,False,False,True
1162,thread-2,953,34231,api_write,native,updateWVEPMetadata,263,329,402,200,False,False,False,False,True
1163,thread-2,954,34274,api_read,native,getPartStudioMassProperties,1298,96,136,1232,False,False,False,False,True
1164,thread-2,955,34303,api_read,native,getPartStudioMassProperties,1479,100,140,1412,False,False,False,False,True
1165,thread-2,956,34332,api_write,native,updateWVEPMetadata,208,255,304,147,False,False,False,False,True
1166,thread-2,957,34364,api_write,native,updateWVEPMetadata,207,247,296,147,False,False,False,False,True
1167,thread-2,958,34396,api_write,native,updateWVEPMetadata,210,243,292,149,False,False,False,False,True
1168,thread-2,959,34428,api_read,native,getAssemblyMassProperties,752,69,92,688,False,False,False,False,True
1169,thread-2,960,34449,api_read,native,getWMVEPsMetadata,114,80,110,53,False,False,False,False,True
1170,thread-2,961,34473,api_read,native,getWMVEPsMetadata,127,82,112,59,False,False,False,False,True
1171,thread-2,962,34534,resolve_target,native,default,203,55,59,203,False,False,False,False,True
1172,thread-2,963,34548,document_tree,native,fresh,173,59,66,129,False,False,False,False,True
1173,thread-2,964,34563,element_tree,native,fresh,164,59,66,136,False,False,False,False,True
1174,thread-2,965,34578,api_read,native,getAssemblyMassProperties,142,69,92,78,False,False,False,False,True
1175,thread-2,966,34609,api_read,native,getWMVEPsMetadata,113,82,112,52,False,False,False,False,True
1176,thread-2,967,34637,api_read,native,getWMVEPsMetadata,125,79,109,59,False,False,False,False,True
1177,thread-2,968,35013,resolve_target,native,default,224,1,1,224,False,False,False,False,True
1178,thread-2,969,35053,resolve_target,native,default,203,55,59,203,False,False,False,False,True
1179,thread-2,970,35067,document_tree,native,fresh,166,59,66,122,False,False,False,False,True
1180,thread-2,971,35082,element_tree,native,fresh,161,59,66,133,False,False,False,False,True
1181,thread-2,972,35097,search_commands,native,default,510,18,25,205,False,False,False,False,True
1182,thread-2,973,35112,api_read,native,getFeatures,135,67,90,68,False,False,False,False,True
1183,thread-2,974,35135,api_catalog,native,search,249,7,11,249,False,False,False,False,True
1184,thread-2,975,35162,api_catalog,native,schema:updateFeature,320,6,10,306,False,False,False,False,True
1185,thread-2,976,35178,api_catalog,native,schema:BTFeatureDefinitionCall-1406,342,11,15,201,False,False,False,False,True
1186,thread-2,977,35192,api_read,native,getAssemblyDefinition,157,83,115,157,False,True,False,False,True
1187,thread-2,978,35219,api_read,native,getAssemblyShadedViews,136,115,161,136,False,True,False,False,True
1188,thread-2,979,35267,api_write,native,updateFeature,2053,1997,2874,228,False,False,False,False,True
1189,thread-2,980,35620,api_read,native,getFeatures,129,67,90,65,False,False,False,False,True
1190,thread-2,981,35643,api_write,native,updateFeature,2049,2003,2881,220,False,False,False,False,True
1191,thread-2,982,35996,api_read,native,getFeatures,129,67,90,65,False,False,False,False,True
1192,thread-2,983,36019,api_write,native,updateFeature,2042,1998,2876,216,False,False,False,False,True
1193,thread-2,984,36372,api_read,native,getFeatures,137,67,90,69,False,False,False,False,True
1194,thread-2,985,36395,api_write,native,updateFeature,2056,2003,2881,221,False,False,False,False,True
1195,thread-2,986,36748,api_read,native,getFeatures,130,67,90,66,False,False,False,False,True
1196,thread-2,987,36771,api_write,native,updateFeature,2049,2004,2882,225,False,False,False,False,True
1197,thread-2,988,37124,api_read,native,getFeatures,127,67,90,64,False,False,False,False,True
1198,thread-2,989,37147,api_write,native,updateFeature,2039,1999,2877,221,False,False,False,False,True
1199,thread-2,990,37500,api_read,native,getFeatures,129,67,90,65,False,False,False,False,True
1200,thread-2,991,37521,api_read,native,getAssemblyMassProperties,140,69,92,76,False,False,False,False,True
1201,thread-2,992,37542,api_read,native,getAssemblyDefinition,155,83,115,155,False,True,False,False,True
1202,thread-2,993,37599,resolve_target,native,default,208,57,61,208,False,False,False,False,True
1203,thread-2,994,37613,document_tree,native,fresh,135,61,68,135,False,True,False,False,True
1204,thread-2,995,37628,inspect_model,native,full,248,57,61,191,False,False,False,False,True
1205,thread-2,996,37644,feature_template,native,specific-type,147,45,52,147,False,True,False,False,True
1206,thread-2,997,37667,evaluate,native,topology,25,67,79,25,True,False,False,False,True
1207,thread-2,998,37682,evaluate,native,topology,839,67,79,773,False,False,False,False,True
1208,thread-2,999,37705,evaluate,native,custom,970,138,148,910,False,False,False,False,True
1209,thread-2,1000,37723,evaluate,native,custom,146,131,141,146,False,True,False,False,True
1210,thread-2,1001,37739,api_read,native,getPartStudioFeatures,123,80,110,61,False,False,False,False,True
1211,thread-2,1002,37767,evaluate,native,measure,309,67,90,242,False,False,False,False,True
1212,thread-2,1003,37789,evaluate,native,custom,351,129,139,288,False,False,False,False,True
1213,thread-2,1004,37805,element_tree,native,fresh,138,61,68,110,False,False,False,False,True
1214,thread-2,1005,37828,feature,native,add,124,1100,1686,124,False,False,False,False,True
1215,thread-2,1006,38088,inspect_model,native,full,243,57,61,188,False,False,False,False,True
1216,thread-2,1007,38102,evaluate,native,custom,311,111,121,247,False,False,False,False,True
1217,thread-2,1008,38118,api_read,native,getAssemblyDefinition,153,83,115,153,False,True,False,False,True
1218,thread-2,1009,38147,feature,native,edit,131,91,117,131,False,False,False,False,True
1219,thread-2,1010,38171,inspect_model,native,full,254,57,61,194,False,False,False,False,True
1220,thread-2,1011,38189,evaluate,native,custom,181,139,149,122,False,False,False,False,True
1221,thread-2,1012,38205,api_read,native,getAssemblyDefinition,151,83,115,151,False,True,False,False,True
